,<TICKER>,<DTYYYYMMDD>,<HIGH>,<LOW>,<CLOSE>,<VALUE>,<VOL>,<OPENINT>,<PER>,<OPEN>,<LAST>
0,Commodity.Exch.,20190205,7500.0,7020.0,7271.0,13193077279,1814511,334,D,1000.0,7078.0
1,Commodity.Exch.,20190206,7000.0,6908.0,6909.0,7362131258,1065641,248,D,7271.0,6908.0
2,Commodity.Exch.,20190210,6564.0,6564.0,6564.0,15742191768,2398262,227,D,6909.0,6564.0
3,Commodity.Exch.,20190212,6420.0,6236.0,6272.0,34813232147,5550876,1015,D,6564.0,6237.0
4,Commodity.Exch.,20190213,6432.0,6052.0,6349.0,6711458013,1057157,389,D,6272.0,6395.0
5,Commodity.Exch.,20190216,6478.0,6100.0,6230.0,7811992044,1253892,328,D,6349.0,6200.0
6,Commodity.Exch.,20190217,6380.0,5919.0,6125.0,13696686217,2236084,647,D,6230.0,6251.0
7,Commodity.Exch.,20190218,6358.0,6120.0,6201.0,3598575047,580360,186,D,6125.0,6140.0
8,Commodity.Exch.,20190219,6511.0,6150.0,6444.0,11332917574,1758754,259,D,6201.0,6511.0
9,Commodity.Exch.,20190220,6766.0,6444.0,6716.0,11339369396,1688391,439,D,6444.0,6766.0
10,Commodity.Exch.,20190223,7051.0,6871.0,7027.0,8197833029,1166600,146,D,6716.0,7051.0
11,Commodity.Exch.,20190224,7378.0,7370.0,7378.0,9808260580,1329410,205,D,7027.0,7378.0
12,Commodity.Exch.,20190225,7746.0,7740.0,7746.0,8599496502,1110187,137,D,7378.0,7746.0
13,Commodity.Exch.,20190226,8133.0,7830.0,8080.0,23807767825,2946426,598,D,7746.0,8133.0
14,Commodity.Exch.,20190227,8484.0,8484.0,8484.0,9320420592,1098588,107,D,8080.0,8484.0
15,Commodity.Exch.,20190302,8908.0,8908.0,8860.0,3918255064,439858,70,D,8484.0,8908.0
16,Commodity.Exch.,20190303,9303.0,8600.0,9194.0,88134413089,9586389,1475,D,8860.0,9249.0
17,Commodity.Exch.,20190304,9195.0,8735.0,8841.0,29555602116,3342873,856,D,9194.0,8735.0
18,Commodity.Exch.,20190305,8841.0,8415.0,8596.0,14260540373,1658891,676,D,8841.0,8420.0
19,Commodity.Exch.,20190306,8558.0,8167.0,8241.0,16693956887,2025761,430,D,8596.0,8167.0
20,Commodity.Exch.,20190309,8653.0,8321.0,8570.0,25246066795,2945769,597,D,8241.0,8653.0
21,Commodity.Exch.,20190310,8990.0,8508.0,8749.0,20223573978,2311494,773,D,8570.0,8585.0
22,Commodity.Exch.,20190311,8700.0,8312.0,8476.0,16397185645,1934525,617,D,8749.0,8438.0
23,Commodity.Exch.,20190312,8529.0,8060.0,8156.0,10979528718,1346270,490,D,8476.0,8100.0
24,Commodity.Exch.,20190313,8520.0,8000.0,8448.0,15756893595,1865187,496,D,8156.0,8462.0
25,Commodity.Exch.,20190316,8550.0,8250.0,8340.0,6190587965,742306,482,D,8448.0,8300.0
26,Commodity.Exch.,20190317,8380.0,8113.0,8196.0,7846330072,957388,439,D,8340.0,8191.0
27,Commodity.Exch.,20190318,8295.0,8022.0,8131.0,6180015204,760025,289,D,8196.0,8170.0
28,Commodity.Exch.,20190319,8400.0,8158.0,8297.0,3363314195,403538,193,D,8131.0,8349.0
29,Commodity.Exch.,20190325,8480.0,8300.0,8357.0,3981252786,476228,181,D,8297.0,8311.0
30,Commodity.Exch.,20190326,8420.0,8241.0,8286.0,6591983157,795586,293,D,8357.0,8251.0
31,Commodity.Exch.,20190327,8398.0,8200.0,8286.0,2861340613,345333,218,D,8286.0,8280.0
32,Commodity.Exch.,20190330,8499.0,8259.0,8315.0,5207348073,626243,248,D,8286.0,8296.0
33,Commodity.Exch.,20190331,8470.0,8220.0,8274.0,5449916513,658691,275,D,8315.0,8290.0
34,Commodity.Exch.,20190406,8424.0,8259.0,8329.0,5653353119,678783,264,D,8274.0,8330.0
35,Commodity.Exch.,20190407,8450.0,8220.0,8349.0,6771162009,811039,353,D,8329.0,8240.0
36,Commodity.Exch.,20190408,8766.0,8180.0,8522.0,23001967883,2698971,559,D,8349.0,8765.0
37,Commodity.Exch.,20190409,8948.0,8663.0,8927.0,23651281424,2649490,610,D,8522.0,8948.0
38,Commodity.Exch.,20190410,9373.0,8530.0,9310.0,19773784464,2123873,413,D,8927.0,9373.0
39,Commodity.Exch.,20190413,9775.0,9353.0,9707.0,23801612436,2451902,757,D,9310.0,9400.0
40,Commodity.Exch.,20190414,9714.0,9222.0,9387.0,22524515876,2399548,771,D,9707.0,9588.0
41,Commodity.Exch.,20190415,9800.0,9563.0,9696.0,13996114132,1443560,514,D,9387.0,9565.0
42,Commodity.Exch.,20190416,10169.0,9520.0,9935.0,22947570269,2309707,551,D,9696.0,10039.0
43,Commodity.Exch.,20190417,10431.0,10180.0,10402.0,16395191904,1576225,288,D,9935.0,10431.0
44,Commodity.Exch.,20190420,10922.0,10922.0,10922.0,14594795550,1336275,196,D,10402.0,10922.0
45,Commodity.Exch.,20190422,11468.0,11390.0,11454.0,21699464353,1894562,302,D,10922.0,11468.0
46,Commodity.Exch.,20190423,12026.0,11468.0,11979.0,38881809648,3245698,497,D,11454.0,12026.0
47,Commodity.Exch.,20190424,12500.0,12400.0,12479.0,6163606633,493850,88,D,11979.0,12480.0
48,Commodity.Exch.,20190427,13757.0,13102.0,13646.0,25707053178,1883831,222,D,12479.0,13757.0
49,Commodity.Exch.,20190428,14328.0,14328.0,14328.0,8694330696,606807,128,D,13646.0,14328.0
50,Commodity.Exch.,20190429,15044.0,13612.0,14877.0,127948808717,8600425,1461,D,14328.0,15044.0
51,Commodity.Exch.,20190430,15620.0,14256.0,15297.0,75348427065,4925640,1666,D,14877.0,14550.0
52,Commodity.Exch.,20190501,15500.0,14533.0,14742.0,67245844950,4561392,1154,D,15297.0,14639.0
53,Commodity.Exch.,20190504,15479.0,14420.0,15252.0,42999045139,2819148,858,D,14742.0,15420.0
54,Commodity.Exch.,20190505,15499.0,14490.0,14813.0,39994905723,2699909,987,D,15252.0,14700.0
55,Commodity.Exch.,20190506,14950.0,14073.0,14127.0,21308626588,1508379,435,D,14813.0,14073.0
56,Commodity.Exch.,20190507,14069.0,13421.0,13492.0,14999309986,1111695,237,D,14127.0,13421.0
57,Commodity.Exch.,20190508,14000.0,12818.0,13043.0,49605021691,3803081,1014,D,13492.0,13497.0
58,Commodity.Exch.,20190511,13695.0,12900.0,13507.0,33834021021,2504944,646,D,13043.0,13300.0
59,Commodity.Exch.,20190512,13890.0,12866.0,13031.0,23807679768,1826996,498,D,13507.0,13000.0
60,Commodity.Exch.,20190513,13682.0,13000.0,13638.0,24545339336,1799743,338,D,13031.0,13682.0
61,Commodity.Exch.,20190514,14319.0,13630.0,14292.0,15664716602,1096014,227,D,13638.0,14319.0
62,Commodity.Exch.,20190515,15006.0,14655.0,14959.0,45179327863,3020236,805,D,14292.0,15006.0
63,Commodity.Exch.,20190518,15706.0,15470.0,15696.0,36304602843,2313024,532,D,14959.0,15706.0
64,Commodity.Exch.,20190519,16480.0,16300.0,16479.0,66551405043,4038573,692,D,15696.0,16480.0
65,Commodity.Exch.,20190520,17302.0,16241.0,17183.0,83093779576,4835784,1627,D,16479.0,17302.0
66,Commodity.Exch.,20190521,18042.0,17010.0,17709.0,82430418621,4654733,1940,D,17183.0,17970.0
67,Commodity.Exch.,20190522,18348.0,16824.0,17302.0,83932262760,4850886,1430,D,17709.0,16824.0
68,Commodity.Exch.,20190525,16437.0,16437.0,16437.0,20684583792,1258416,329,D,17302.0,16437.0
69,Commodity.Exch.,20190528,18167.0,17302.0,17779.0,59810150039,3364118,1257,D,16437.0,17846.0
70,Commodity.Exch.,20190529,18090.0,16902.0,17268.0,41875394971,2424961,1226,D,17779.0,17014.0
71,Commodity.Exch.,20190601,17460.0,16405.0,16817.0,38725326226,2302715,913,D,17268.0,16750.0
72,Commodity.Exch.,20190602,17397.0,15977.0,16453.0,32774353492,1992050,850,D,16817.0,16660.0
73,Commodity.Exch.,20190603,16750.0,16002.0,16310.0,20676694890,1267720,671,D,16453.0,16480.0
74,Commodity.Exch.,20190608,16900.0,16549.0,16629.0,17528545846,1054068,616,D,16310.0,16600.0
75,Commodity.Exch.,20190609,17460.0,16600.0,17317.0,30387540711,1754817,762,D,16629.0,17460.0
76,Commodity.Exch.,20190610,17700.0,17173.0,17350.0,19651841374,1132674,471,D,17317.0,17270.0
77,Commodity.Exch.,20190611,17199.0,16501.0,16768.0,15334986632,914535,564,D,17350.0,16600.0
78,Commodity.Exch.,20190612,17000.0,16200.0,16496.0,23998614221,1454817,722,D,16768.0,16300.0
79,Commodity.Exch.,20190615,15990.0,15672.0,15753.0,18566846144,1178627,568,D,16496.0,15750.0
80,Commodity.Exch.,20190616,16390.0,15199.0,15872.0,18766365569,1182385,509,D,15753.0,15880.0
81,Commodity.Exch.,20190617,16381.0,15301.0,16089.0,19042229991,1183581,493,D,15872.0,16381.0
82,Commodity.Exch.,20190618,16400.0,15291.0,15963.0,20122414652,1260598,494,D,16089.0,16000.0
83,Commodity.Exch.,20190619,15900.0,15165.0,15294.0,37177963146,2430925,623,D,15963.0,15321.0
84,Commodity.Exch.,20190622,15480.0,14611.0,15073.0,30077049846,1995459,701,D,15294.0,15155.0
85,Commodity.Exch.,20190702,10446.0,10446.0,10446.0,13628823078,1304693,341,D,9949.0,10446.0
86,Commodity.Exch.,20190703,10968.0,10968.0,10968.0,21456906792,1956319,432,D,10446.0,10968.0
87,Commodity.Exch.,20190706,11516.0,10550.0,10971.0,36032054083,3284330,1047,D,10968.0,10822.0
88,Commodity.Exch.,20190707,11100.0,10534.0,10699.0,14743517300,1378045,585,D,10971.0,10760.0
89,Commodity.Exch.,20190708,10800.0,10224.0,10450.0,19043198138,1822255,737,D,10699.0,10279.0
90,Commodity.Exch.,20190709,10350.0,9928.0,9976.0,21270291719,2132197,903,D,10450.0,10000.0
91,Commodity.Exch.,20190710,10095.0,9500.0,9660.0,20530049588,2125367,984,D,9976.0,9650.0
92,Commodity.Exch.,20190713,9860.0,9300.0,9387.0,13965475334,1487692,820,D,9660.0,9350.0
93,Commodity.Exch.,20190714,9856.0,9475.0,9807.0,16859506829,1719072,601,D,9387.0,9856.0
94,Commodity.Exch.,20190715,10100.0,9651.0,9803.0,11094713934,1131822,679,D,9807.0,9710.0
95,Commodity.Exch.,20190716,9728.0,9313.0,9354.0,14917569487,1594708,562,D,9803.0,9313.0
96,Commodity.Exch.,20190717,9700.0,9351.0,9490.0,12047582789,1269516,575,D,9354.0,9450.0
97,Commodity.Exch.,20190720,9649.0,9019.0,9146.0,12717409657,1390445,698,D,9490.0,9041.0
98,Commodity.Exch.,20190721,9410.0,8800.0,9268.0,7268730601,784316,518,D,9146.0,9287.0
99,Commodity.Exch.,20190722,9731.0,9371.0,9649.0,23186101789,2403032,869,D,9268.0,9731.0
100,Commodity.Exch.,20190723,10131.0,9760.0,10005.0,41990573547,4196830,1645,D,9649.0,9979.0
101,Commodity.Exch.,20190724,10131.0,9862.0,10038.0,16541008007,1647775,751,D,10005.0,10044.0
102,Commodity.Exch.,20190727,10044.0,9731.0,9905.0,11134348125,1124158,607,D,10038.0,9810.0
103,Commodity.Exch.,20190728,9989.0,9542.0,9604.0,15089228396,1571069,819,D,9905.0,9580.0
104,Commodity.Exch.,20190729,10084.0,9606.0,9982.0,35259187860,3532172,1067,D,9604.0,10084.0
105,Commodity.Exch.,20190901,11005.0,10481.0,10870.0,8759170281,805842,120,D,9982.0,11005.0
106,Commodity.Exch.,20190902,11413.0,11413.0,11413.0,10607607416,929432,176,D,10870.0,11413.0
107,Commodity.Exch.,20190903,11983.0,11983.0,11842.0,6716339687,560489,93,D,11413.0,11983.0
108,Commodity.Exch.,20190904,12434.0,12434.0,12411.0,8886418158,714687,166,D,11842.0,12434.0
109,Commodity.Exch.,20190907,13031.0,13031.0,13031.0,10192209681,782151,142,D,12411.0,13031.0
110,Commodity.Exch.,20190908,13682.0,13201.0,13621.0,232305630295,17054688,3240,D,13031.0,13682.0
111,Commodity.Exch.,20190911,14302.0,13900.0,14258.0,62082046406,4354089,1430,D,13621.0,14302.0
112,Commodity.Exch.,20190914,14948.0,13570.0,14210.0,103991987285,7318340,3984,D,14258.0,13620.0
113,Commodity.Exch.,20190915,13500.0,13500.0,13500.0,25987810500,1925023,981,D,14210.0,13500.0
114,Commodity.Exch.,20190916,14169.0,13012.0,13543.0,90125682009,6654770,2363,D,13500.0,13500.0
115,Commodity.Exch.,20190917,13490.0,13010.0,13164.0,39518160014,3001981,1457,D,13543.0,13130.0
116,Commodity.Exch.,20190918,13174.0,12506.0,12722.0,48182342374,3787384,1505,D,13164.0,12950.0
117,Commodity.Exch.,20190921,13358.0,12950.0,13316.0,26972347375,2025484,657,D,12722.0,13358.0
118,Commodity.Exch.,20190922,13981.0,13702.0,13977.0,26052496982,1863929,360,D,13316.0,13981.0
119,Commodity.Exch.,20190923,14675.0,14014.0,14559.0,70142954057,4817818,1789,D,13977.0,14357.0
120,Commodity.Exch.,20190924,14444.0,13832.0,13961.0,52145087148,3735172,1559,D,14559.0,13832.0
121,Commodity.Exch.,20190925,13970.0,13600.0,13715.0,28437606814,2073419,1136,D,13961.0,13849.0
122,Commodity.Exch.,20190928,14190.0,13934.0,14094.0,31161594962,2211054,1305,D,13715.0,14170.0
123,Commodity.Exch.,20190929,14200.0,13550.0,13866.0,32880589493,2371233,1170,D,14094.0,13929.0
124,Commodity.Exch.,20190930,14140.0,13650.0,13892.0,46385512824,3338913,1333,D,13866.0,13717.0
125,Commodity.Exch.,20191001,14190.0,13356.0,13756.0,50099102384,3641979,1544,D,13892.0,13400.0
126,Commodity.Exch.,20191002,13887.0,13200.0,13489.0,30637814574,2271339,939,D,13756.0,13515.0
127,Commodity.Exch.,20191005,13599.0,12815.0,13145.0,49890258233,3795340,1576,D,13489.0,12950.0
128,Commodity.Exch.,20191006,13400.0,12609.0,12821.0,38485514425,3001872,1444,D,13145.0,12700.0
129,Commodity.Exch.,20191007,13089.0,12180.0,12797.0,35299632289,2758350,1173,D,12821.0,12749.0
130,Commodity.Exch.,20191008,12952.0,12158.0,12330.0,36217290289,2937434,1195,D,12797.0,12158.0
131,Commodity.Exch.,20191009,12946.0,11900.0,12729.0,23517265358,1847600,815,D,12330.0,12946.0
132,Commodity.Exch.,20191012,13365.0,13365.0,13365.0,11803847715,883191,117,D,12729.0,13365.0
133,Commodity.Exch.,20191013,14033.0,13448.0,13938.0,102778040007,7374131,2188,D,13365.0,13500.0
134,Commodity.Exch.,20191014,13798.0,13242.0,13301.0,31910504436,2399045,1106,D,13938.0,13242.0
135,Commodity.Exch.,20191015,12636.0,12005.0,12042.0,44601252889,3703654,1236,D,13301.0,12021.0
136,Commodity.Exch.,20191016,12600.0,11456.0,12273.0,31284732694,2549044,1169,D,12042.0,12200.0
137,Commodity.Exch.,20191020,12195.0,11660.0,11709.0,14296768475,1221014,509,D,12273.0,11660.0
138,Commodity.Exch.,20191021,11660.0,11124.0,11180.0,34428286523,3079476,1032,D,11709.0,11330.0
139,Commodity.Exch.,20191022,11739.0,11001.0,11664.0,29115173206,2496210,755,D,11180.0,11739.0
140,Commodity.Exch.,20191023,12200.0,11544.0,11751.0,15768838367,1341966,599,D,11664.0,11697.0
141,Commodity.Exch.,20191026,11999.0,11300.0,11526.0,13384136333,1161246,646,D,11751.0,11400.0
142,Commodity.Exch.,20191028,12102.0,11304.0,11827.0,35845074709,3030824,969,D,11526.0,12102.0
143,Commodity.Exch.,20191030,12418.0,12220.0,12399.0,22947062313,1850762,600,D,11827.0,12418.0
144,Commodity.Exch.,20191102,12800.0,11847.0,12468.0,32590120659,2613878,1088,D,12399.0,12800.0
145,Commodity.Exch.,20191103,13091.0,12100.0,12954.0,37207942544,2872282,1101,D,12468.0,13091.0
146,Commodity.Exch.,20191104,13590.0,12747.0,13165.0,26148342834,1986153,1119,D,12954.0,13025.0
147,Commodity.Exch.,20191105,13485.0,12712.0,13121.0,20111967802,1532770,713,D,13165.0,13165.0
148,Commodity.Exch.,20191109,13339.0,12710.0,13027.0,25715137377,1973976,828,D,13121.0,12901.0
149,Commodity.Exch.,20191110,12950.0,12510.0,12674.0,16855234488,1329891,659,D,13027.0,12780.0
150,Commodity.Exch.,20191111,13307.0,12591.0,13158.0,43510733084,3306854,1106,D,12674.0,13307.0
151,Commodity.Exch.,20191112,13815.0,13501.0,13780.0,44505154919,3229767,1194,D,13158.0,13815.0
152,Commodity.Exch.,20191113,14200.0,13200.0,13676.0,39077189115,2857351,1413,D,13780.0,13662.0
153,Commodity.Exch.,20191116,14100.0,13300.0,13663.0,27203638806,1991108,982,D,13676.0,13470.0
154,Commodity.Exch.,20191117,13300.0,12980.0,13027.0,38797609460,2978217,927,D,13663.0,12980.0
155,Commodity.Exch.,20191118,13399.0,12376.0,12975.0,23704062265,1826900,694,D,13027.0,13000.0
156,Commodity.Exch.,20191119,13623.0,13005.0,13594.0,50665260759,3727157,978,D,12975.0,13623.0
157,Commodity.Exch.,20191120,14270.0,13761.0,14064.0,63148265203,4489912,1671,D,13594.0,14098.0
158,Commodity.Exch.,20191123,14399.0,13703.0,14062.0,57479140428,4087602,1453,D,14064.0,13900.0
159,Commodity.Exch.,20191124,14200.0,13610.0,13921.0,60092255744,4316665,1212,D,14062.0,14005.0
160,Commodity.Exch.,20191125,14400.0,14000.0,14223.0,26565740503,1867797,907,D,13921.0,14194.0
161,Commodity.Exch.,20191126,14301.0,13905.0,14062.0,29715841816,2113265,925,D,14223.0,14000.0
162,Commodity.Exch.,20191127,14160.0,13870.0,13957.0,26366602634,1889160,858,D,14062.0,13950.0
163,Commodity.Exch.,20191130,14288.0,13620.0,13921.0,57661486323,4141902,1503,D,13957.0,14131.0
164,Commodity.Exch.,20191201,14617.0,14132.0,14508.0,95450892753,6579184,2104,D,13921.0,14617.0
165,Commodity.Exch.,20191202,15233.0,14000.0,15080.0,113666596863,7537392,2306,D,14508.0,15000.0
166,Commodity.Exch.,20191203,15800.0,14402.0,15386.0,84069157546,5464059,1999,D,15080.0,15700.0
167,Commodity.Exch.,20191204,16155.0,15702.0,16130.0,83324925410,5165974,1564,D,15386.0,16155.0
168,Commodity.Exch.,20191207,16900.0,15601.0,15984.0,98419302919,6157263,2509,D,16130.0,15841.0
169,Commodity.Exch.,20191208,16257.0,15410.0,15803.0,58312802806,3690088,1652,D,15984.0,15750.0
170,Commodity.Exch.,20191209,15999.0,15422.0,15581.0,47699760033,3061353,1512,D,15803.0,15547.0
171,Commodity.Exch.,20191210,16360.0,15433.0,16063.0,89345253349,5562278,1955,D,15581.0,15790.0
172,Commodity.Exch.,20191211,16500.0,15415.0,16138.0,43310087254,2683659,1201,D,16063.0,16180.0
173,Commodity.Exch.,20191214,16944.0,16132.0,16813.0,60885930627,3621313,1716,D,16138.0,16944.0
174,Commodity.Exch.,20191215,17653.0,16800.0,17490.0,165848454054,9482483,2398,D,16813.0,17653.0
175,Commodity.Exch.,20191216,18364.0,17651.0,18252.0,114130379138,6252968,2197,D,17490.0,18364.0
176,Commodity.Exch.,20191217,19164.0,18600.0,19086.0,77513642891,4061295,1104,D,18252.0,19164.0
177,Commodity.Exch.,20191218,20040.0,19650.0,19989.0,72358842916,3619885,832,D,19086.0,20040.0
178,Commodity.Exch.,20191221,22037.0,20988.0,21924.0,61766311039,2817239,588,D,19989.0,22037.0
179,Commodity.Exch.,20191222,23020.0,21000.0,22370.0,557786554533,24934995,9561,D,21924.0,21350.0
180,Commodity.Exch.,20191223,22870.0,21252.0,21631.0,290116419663,13411946,4803,D,22370.0,21252.0
181,Commodity.Exch.,20191224,22000.0,20550.0,21168.0,167947965559,7933950,3975,D,21631.0,20671.0
182,Commodity.Exch.,20191225,21000.0,20110.0,20200.0,161580953211,7999187,4211,D,21168.0,20249.0
183,Commodity.Exch.,20191228,21210.0,20250.0,21043.0,98445657448,4678353,1938,D,20200.0,21210.0
184,Commodity.Exch.,20191229,22095.0,21007.0,21953.0,158079825217,7200971,3715,D,21043.0,22095.0
185,Commodity.Exch.,20191230,22724.0,21300.0,21897.0,134371378012,6136648,3388,D,21953.0,21360.0
186,Commodity.Exch.,20191231,21350.0,20803.0,20890.0,125786120819,6021364,3100,D,21897.0,20940.0
187,Commodity.Exch.,20200101,21296.0,20380.0,20724.0,58734039193,2834113,1967,D,20890.0,20499.0
188,Commodity.Exch.,20200104,19688.0,19688.0,19688.0,10824915224,549823,269,D,20724.0,19688.0
189,Commodity.Exch.,20200105,19336.0,18704.0,18732.0,136241573338,7273215,2055,D,19688.0,18704.0
190,Commodity.Exch.,20200107,19500.0,17796.0,18259.0,80700076122,4419730,1472,D,18732.0,17796.0
191,Commodity.Exch.,20200108,17894.0,17894.0,17894.0,99096775166,5537989,538,D,18259.0,17894.0
192,Commodity.Exch.,20200111,18251.0,18251.0,18251.0,13436258443,736193,95,D,17894.0,18251.0
193,Commodity.Exch.,20200112,19163.0,19163.0,19163.0,29007972087,1513749,149,D,18251.0,19163.0
194,Commodity.Exch.,20200113,20121.0,20121.0,20121.0,34932752214,1736134,237,D,19163.0,20121.0
195,Commodity.Exch.,20200114,21127.0,20800.0,21089.0,155322352754,7364957,2135,D,20121.0,21127.0
196,Commodity.Exch.,20200115,22143.0,20409.0,21808.0,108546531971,4977426,1566,D,21089.0,22143.0
197,Commodity.Exch.,20200118,22898.0,22501.0,22865.0,108889851741,4762227,1892,D,21808.0,22898.0
198,Commodity.Exch.,20200119,24008.0,22865.0,23732.0,169842967769,7156821,3309,D,22865.0,24008.0
199,Commodity.Exch.,20200120,24918.0,24010.0,24836.0,116334439872,4684088,1814,D,23732.0,24918.0
200,Commodity.Exch.,20200121,26077.0,25897.0,26058.0,81199702990,3116064,1469,D,24836.0,26077.0
201,Commodity.Exch.,20200122,27360.0,26600.0,27271.0,140945011467,5168256,1756,D,26058.0,27360.0
202,Commodity.Exch.,20200125,28634.0,27013.0,28284.0,285099707465,10079818,5695,D,27271.0,28633.0
203,Commodity.Exch.,20200126,28700.0,26870.0,27297.0,351993053510,12894871,6461,D,28284.0,26870.0
204,Commodity.Exch.,20200127,27740.0,25933.0,26662.0,165997903041,6226000,3159,D,27297.0,26910.0
205,Commodity.Exch.,20200128,27950.0,27001.0,27422.0,16731013439,610131,324,D,26662.0,27950.0
206,Commodity.Exch.,20200202,30232.0,28793.0,30188.0,92234811399,3055381,992,D,27422.0,30232.0
207,Commodity.Exch.,20200203,31697.0,31697.0,31697.0,19689162096,621168,253,D,30188.0,31697.0
208,Commodity.Exch.,20200204,33281.0,32000.0,33182.0,224474688609,6764907,2683,D,31697.0,33281.0
209,Commodity.Exch.,20200205,34841.0,34841.0,34841.0,32935266982,945302,380,D,33182.0,34841.0
210,Commodity.Exch.,20200208,36583.0,36583.0,36583.0,21493646573,587531,243,D,34841.0,36583.0
211,Commodity.Exch.,20200209,38412.0,38412.0,38412.0,18490461264,481372,183,D,36583.0,38412.0
212,Commodity.Exch.,20200210,40332.0,40332.0,40332.0,186350779440,4620420,1268,D,38412.0,40332.0
213,Commodity.Exch.,20200212,42348.0,42348.0,42348.0,38373004980,906135,203,D,40332.0,42348.0
214,Commodity.Exch.,20200215,44465.0,44465.0,44465.0,47908547460,1077444,208,D,42348.0,44465.0
215,Commodity.Exch.,20200216,46688.0,46688.0,45605.0,5654336992,121109,40,D,44465.0,46688.0
216,Commodity.Exch.,20200219,47885.0,47885.0,47885.0,28427217560,593656,153,D,45605.0,47885.0
217,Commodity.Exch.,20200222,50279.0,50279.0,50279.0,49023332254,975026,236,D,47885.0,50279.0
218,Commodity.Exch.,20200223,52792.0,52792.0,52792.0,21363444224,404672,121,D,50279.0,52792.0
219,Commodity.Exch.,20200224,55431.0,55431.0,55431.0,23877069543,430753,103,D,52792.0,55431.0
220,Commodity.Exch.,20200225,58202.0,58202.0,58202.0,22262788818,382509,93,D,55431.0,58202.0
221,Commodity.Exch.,20200226,61112.0,61112.0,61112.0,182454826072,2985581,385,D,58202.0,61112.0
222,Commodity.Exch.,20200229,64167.0,64167.0,64167.0,121284485046,1890138,373,D,61112.0,64167.0
223,Commodity.Exch.,20200301,67375.0,67375.0,67375.0,40965751750,608026,158,D,64167.0,67375.0
224,Commodity.Exch.,20200302,70743.0,70743.0,70743.0,72272463660,1021620,167,D,67375.0,70743.0
225,Commodity.Exch.,20200303,74280.0,74280.0,72205.0,25116742080,338136,38,D,70743.0,74280.0
226,Commodity.Exch.,20200307,79605.0,75815.0,79168.0,507910154653,6415579,3875,D,72205.0,79605.0
227,Commodity.Exch.,20200309,79168.0,75210.0,76831.0,439747465301,5723549,8671,D,79168.0,75210.0
228,Commodity.Exch.,20200310,72990.0,72990.0,72990.0,449976269970,6164903,5157,D,76831.0,72990.0
229,Commodity.Exch.,20200311,76639.0,72000.0,75150.0,857548620488,11411199,7428,D,72990.0,76639.0
230,Commodity.Exch.,20200314,75000.0,71393.0,72752.0,256977932913,3532239,5061,D,75150.0,71393.0
231,Commodity.Exch.,20200315,69115.0,69115.0,69115.0,65548320425,948395,1733,D,72752.0,69115.0
232,Commodity.Exch.,20200316,72570.0,65660.0,69286.0,1335981694082,19282215,13695,D,69115.0,70650.0
233,Commodity.Exch.,20200317,71900.0,65822.0,66909.0,355393957388,5311602,7689,D,69286.0,65822.0
234,Commodity.Exch.,20200318,65798.0,63564.0,63651.0,385955858799,6063657,7343,D,66909.0,63564.0
235,Commodity.Exch.,20200324,63484.0,60469.0,60530.0,125867847962,2079439,1722,D,63651.0,60469.0
236,Commodity.Exch.,20200325,63556.0,57504.0,60591.0,1019019604558,16817968,11439,D,60530.0,63556.0
237,Commodity.Exch.,20200328,63620.0,63620.0,63620.0,78495501160,1233818,839,D,60591.0,63620.0
238,Commodity.Exch.,20200329,66801.0,66801.0,66801.0,70928366586,1061786,554,D,63620.0,66801.0
239,Commodity.Exch.,20200330,70141.0,67590.0,70045.0,464056926444,6625139,6092,D,66801.0,70141.0
240,Commodity.Exch.,20200404,73547.0,73547.0,73456.0,53296716114,724662,615,D,70045.0,73547.0
241,Commodity.Exch.,20200405,77128.0,75128.0,77092.0,264302387285,3428403,3158,D,73456.0,77128.0
242,Commodity.Exch.,20200406,80946.0,77128.0,80477.0,1029865397446,12796944,14740,D,77092.0,80946.0
243,Commodity.Exch.,20200407,84000.0,76454.0,78859.0,1031190903669,13076445,18183,D,80477.0,76800.0
244,Commodity.Exch.,20200408,80435.0,74917.0,76250.0,662651029216,8690479,12281,D,78859.0,74917.0
245,Commodity.Exch.,20200411,75883.0,72438.0,72751.0,366033401186,5031311,5788,D,76250.0,72438.0
246,Commodity.Exch.,20200412,75611.0,69114.0,71573.0,555690993955,7763998,9395,D,72751.0,70000.0
247,Commodity.Exch.,20200413,72500.0,67995.0,68715.0,466819073261,6793518,7419,D,71573.0,67995.0
248,Commodity.Exch.,20200414,70000.0,65280.0,65973.0,360508276096,5464458,7767,D,68715.0,65285.0
249,Commodity.Exch.,20200415,69271.0,67000.0,68815.0,131408174198,1909574,2596,D,65973.0,69271.0
250,Commodity.Exch.,20200418,72255.0,70350.0,71893.0,418208168955,5817101,8647,D,68815.0,71370.0
251,Commodity.Exch.,20200419,71380.0,68299.0,68910.0,268720881085,3899577,5562,D,71893.0,68299.0
252,Commodity.Exch.,20200420,68523.0,65465.0,66146.0,497237188098,7517269,10212,D,68910.0,65565.0
253,Commodity.Exch.,20200421,69100.0,63500.0,67305.0,362475036892,5385593,6673,D,66146.0,66850.0
254,Commodity.Exch.,20200422,69400.0,65900.0,67745.0,403152356297,5951050,6927,D,67305.0,67330.0
255,Commodity.Exch.,20200425,71132.0,67878.0,70519.0,544293292030,7718362,9029,D,67745.0,71132.0
256,Commodity.Exch.,20200426,73989.0,66994.0,69628.0,736936512186,10583846,12226,D,70519.0,68634.0
257,Commodity.Exch.,20200427,72500.0,66500.0,69813.0,970678777133,13903977,14486,D,69628.0,71600.0
258,Commodity.Exch.,20200428,73303.0,71600.0,73148.0,414775519956,5670365,5055,D,69813.0,73303.0
259,Commodity.Exch.,20200429,76805.0,76805.0,76805.0,135138858330,1759506,1413,D,73148.0,76805.0
260,Commodity.Exch.,20200502,80645.0,80645.0,80645.0,102271247070,1268166,940,D,76805.0,80645.0
261,Commodity.Exch.,20200503,84677.0,84677.0,84677.0,89708253309,1059417,869,D,80645.0,84677.0
262,Commodity.Exch.,20200504,88910.0,85000.0,88145.0,1161472175363,13176764,11279,D,84677.0,88910.0
263,Commodity.Exch.,20200505,92552.0,83738.0,89621.0,1387474320641,15481542,18238,D,88145.0,85004.0
264,Commodity.Exch.,20200506,94052.0,85600.0,91346.0,766562943594,8391897,10663,D,89621.0,93931.0
265,Commodity.Exch.,20200509,95913.0,94000.0,95872.0,261563824579,2728264,2767,D,91346.0,95913.0
266,Commodity.Exch.,20200510,100665.0,96000.0,100336.0,579661784198,5777192,6548,D,95872.0,100665.0
267,Commodity.Exch.,20200511,105352.0,96000.0,100774.0,1163547222764,11546156,17653,D,100336.0,97002.0
268,Commodity.Exch.,20200512,99860.0,95736.0,96082.0,302632569072,3149746,4003,D,100774.0,95736.0
269,Commodity.Exch.,20200513,99550.0,91278.0,93128.0,842545779037,9047217,10959,D,96082.0,91278.0
270,Commodity.Exch.,20200516,88700.0,88472.0,88512.0,188413146339,2128673,2524,D,93128.0,88472.0
271,Commodity.Exch.,20200517,84087.0,84087.0,84087.0,155876864859,1853757,1988,D,88512.0,84087.0
272,Commodity.Exch.,20200518,88291.0,85000.0,88008.0,598946851862,6805611,6742,D,84087.0,88291.0
273,Commodity.Exch.,20200519,92400.0,86000.0,89318.0,450636902372,5045303,8095,D,88008.0,87998.0
274,Commodity.Exch.,20200520,89300.0,84853.0,85241.0,183606632552,2153965,3049,D,89318.0,84853.0
275,Commodity.Exch.,20200523,80979.0,80979.0,80994.0,60041231718,741442,1189,D,85241.0,80979.0
276,Commodity.Exch.,20200526,80979.0,76945.0,77315.0,52016435845,676021,853,D,79981.0,76945.0
277,Commodity.Exch.,20200527,79999.0,73450.0,74807.0,511773573836,6841295,8579,D,77315.0,75239.0
278,Commodity.Exch.,20200530,78606.0,78606.0,78606.0,134654200362,1713027,1721,D,74863.0,78606.0
279,Commodity.Exch.,20200531,82536.0,74900.0,79294.0,460621579153,5809051,6643,D,78606.0,77005.0
280,Commodity.Exch.,20200601,81494.0,75700.0,78008.0,288231804875,3694898,5034,D,79294.0,76649.0
281,Commodity.Exch.,20200602,81900.0,78200.0,80518.0,383588805484,4764018,6746,D,78008.0,80481.0
282,Commodity.Exch.,20200606,84543.0,82002.0,83986.0,256511797843,3054208,3727,D,80518.0,84543.0
283,Commodity.Exch.,20200607,88185.0,87200.0,88176.0,275081625234,3119693,3563,D,83986.0,88169.0
284,Commodity.Exch.,20200608,92584.0,83768.0,85359.0,429560127136,5032400,7045,D,88176.0,83768.0
285,Commodity.Exch.,20200609,84999.0,81092.0,81992.0,410675460266,5008748,6301,D,85359.0,81095.0
286,Commodity.Exch.,20200610,84900.0,79700.0,81047.0,425906444205,5255058,8331,D,81992.0,81500.0
287,Commodity.Exch.,20200613,85090.0,82200.0,84830.0,314960593410,3712871,5007,D,81047.0,85090.0
288,Commodity.Exch.,20200614,88000.0,81050.0,83690.0,493309806580,5894172,8348,D,84830.0,83270.0
289,Commodity.Exch.,20200615,87870.0,83100.0,86770.0,746694344040,8605379,9739,D,83690.0,87870.0
290,Commodity.Exch.,20200616,90000.0,86000.0,88090.0,508081183460,5767673,7811,D,86770.0,87600.0
291,Commodity.Exch.,20200620,88000.0,84480.0,85540.0,791906614040,9257294,13942,D,88090.0,84550.0
292,Commodity.Exch.,20200621,84550.0,82000.0,82720.0,628190258680,7594577,11083,D,85540.0,82220.0
293,Commodity.Exch.,20200622,86850.0,80750.0,85410.0,558465410080,6538756,7429,D,82720.0,86850.0
294,Commodity.Exch.,20200623,89470.0,85600.0,88150.0,682819735920,7746017,10628,D,85410.0,85650.0
295,Commodity.Exch.,20200624,90000.0,84700.0,87130.0,537299563230,6166967,8708,D,88150.0,88880.0
296,Commodity.Exch.,20200705,75000.0,71250.0,73780.0,492578096110,6676135,5396,D,64750.0,73990.0
297,Commodity.Exch.,20200706,77460.0,77460.0,77460.0,300668968380,3881603,3815,D,73780.0,77460.0
298,Commodity.Exch.,20200707,81330.0,77460.0,80810.0,1010827721510,12509423,12040,D,77460.0,81330.0
299,Commodity.Exch.,20200708,82400.0,76770.0,78560.0,640140200860,8148355,11427,D,80810.0,76770.0
300,Commodity.Exch.,20200711,77000.0,74640.0,74890.0,525153364010,7011941,7751,D,78560.0,74640.0
301,Commodity.Exch.,20200712,78500.0,72930.0,76910.0,633666434680,8238712,10942,D,74890.0,74110.0
302,Commodity.Exch.,20200713,74750.0,73070.0,73110.0,479012670490,6551736,7659,D,76910.0,73070.0
303,Commodity.Exch.,20200714,74200.0,69460.0,71130.0,656382743730,9227582,11213,D,73110.0,69750.0
304,Commodity.Exch.,20200715,73000.0,67580.0,69060.0,321252825670,4652112,5108,D,71130.0,68700.0
305,Commodity.Exch.,20200718,72510.0,67100.0,72040.0,467329208610,6487442,6333,D,69060.0,72510.0
306,Commodity.Exch.,20200719,75640.0,72510.0,74440.0,548050731280,7362664,8824,D,72040.0,72870.0
307,Commodity.Exch.,20200720,75900.0,70720.0,72630.0,472562746170,6506786,9546,D,74440.0,70720.0
308,Commodity.Exch.,20200721,70000.0,69000.0,69020.0,185640488620,2689780,3701,D,72630.0,69000.0
309,Commodity.Exch.,20200722,71500.0,65570.0,67420.0,538086970160,7980535,11161,D,69020.0,68850.0
310,Commodity.Exch.,20200725,70790.0,70790.0,70790.0,187429337990,2647681,3194,D,67420.0,70790.0
311,Commodity.Exch.,20200726,74320.0,71000.0,73760.0,551219361170,7473277,8999,D,70790.0,73390.0
312,Commodity.Exch.,20200727,75500.0,70200.0,72570.0,131509816120,1812221,2127,D,73760.0,71250.0
313,Commodity.Exch.,20200811,68950.0,68950.0,71430.0,21680569050,314439,468,D,72570.0,68950.0
314,Commodity.Exch.,20200812,70150.0,67860.0,68030.0,371494925490,5460953,4346,D,71430.0,67860.0
315,Commodity.Exch.,20200815,64630.0,64630.0,64710.0,63023362830,975141,1136,D,68030.0,64630.0
316,Commodity.Exch.,20200816,61480.0,61480.0,63740.0,18553127000,301775,463,D,64710.0,61480.0
317,Commodity.Exch.,20200817,60560.0,60560.0,60950.0,53049772720,875987,796,D,63740.0,60560.0
318,Commodity.Exch.,20200818,62980.0,57910.0,59540.0,960648020440,16134453,11524,D,60950.0,57910.0
319,Commodity.Exch.,20200819,59980.0,56570.0,56670.0,117941292950,2081172,1675,D,59540.0,56570.0
320,Commodity.Exch.,20200822,59000.0,53840.0,55020.0,177775873410,3231135,2349,D,56670.0,53840.0
321,Commodity.Exch.,20200823,52270.0,52270.0,52290.0,51907559820,993066,540,D,55020.0,52270.0
322,Commodity.Exch.,20200824,49680.0,49680.0,51520.0,14703590880,295966,306,D,52290.0,49680.0
323,Commodity.Exch.,20200825,51000.0,48950.0,49230.0,724694069790,14721449,8808,D,51520.0,49600.0
324,Commodity.Exch.,20200826,51690.0,50200.0,51520.0,208953015460,4055740,2922,D,49230.0,51690.0
325,Commodity.Exch.,20200831,54000.0,48950.0,50480.0,236658776520,4688466,3130,D,51520.0,48950.0
326,Commodity.Exch.,20200901,47960.0,47960.0,48930.0,29559186800,616330,323,D,50480.0,47960.0
327,Commodity.Exch.,20200902,46490.0,46490.0,48480.0,8593025640,184836,241,D,48930.0,46490.0
328,Commodity.Exch.,20200905,47000.0,46060.0,46090.0,125858081390,2730428,1489,D,48480.0,46060.0
329,Commodity.Exch.,20200906,47350.0,43790.0,43980.0,127188745540,2891702,1570,D,46090.0,43790.0
330,Commodity.Exch.,20200907,41790.0,41790.0,43790.0,3716175750,88925,127,D,43980.0,41790.0
331,Commodity.Exch.,20200908,41610.0,41610.0,43630.0,3229893030,77623,61,D,43790.0,41610.0
332,Commodity.Exch.,20200909,41450.0,41450.0,42140.0,29194022550,704319,505,D,43630.0,41450.0
333,Commodity.Exch.,20200912,44240.0,41990.0,43850.0,497358872430,11342756,5421,D,42140.0,44240.0
334,Commodity.Exch.,20200913,45700.0,41660.0,42810.0,316025735050,7382452,3695,D,43850.0,41660.0
335,Commodity.Exch.,20200914,44950.0,40670.0,43090.0,573214756300,13303743,6554,D,42810.0,44650.0
336,Commodity.Exch.,20200915,45240.0,45240.0,45240.0,283809294600,6273415,891,D,43090.0,45240.0
337,Commodity.Exch.,20200916,47500.0,47500.0,47500.0,74353270000,1565332,1040,D,45240.0,47500.0
338,Commodity.Exch.,20200919,49870.0,49080.0,49870.0,841922764830,16883023,3977,D,47500.0,49870.0
339,Commodity.Exch.,20200920,52360.0,47380.0,49760.0,934051097740,18770508,10374,D,49870.0,47380.0
340,Commodity.Exch.,20200921,47280.0,47280.0,48500.0,25360755600,536395,441,D,49760.0,47280.0
341,Commodity.Exch.,20200922,49880.0,46080.0,46930.0,377173831160,8037457,3824,D,48500.0,47760.0
342,Commodity.Exch.,20200923,49270.0,46080.0,48370.0,296821684970,6135996,3749,D,46930.0,48070.0
343,Commodity.Exch.,20200926,49900.0,45960.0,47390.0,142498065310,3006929,1861,D,48370.0,45960.0
344,Commodity.Exch.,20200927,45030.0,45030.0,46660.0,14461789770,321159,154,D,47390.0,45030.0
345,Commodity.Exch.,20200928,44330.0,44330.0,46550.0,2250102140,50758,70,D,46660.0,44330.0
346,Commodity.Exch.,20200929,44230.0,44230.0,46020.0,10448275980,236226,224,D,46550.0,44230.0
347,Commodity.Exch.,20200930,43720.0,43720.0,44040.0,38988665320,891781,361,D,46020.0,43720.0
348,Commodity.Exch.,20201003,45500.0,41840.0,43300.0,397956362290,9191122,4953,D,44040.0,44930.0
349,Commodity.Exch.,20201004,43900.0,41140.0,41690.0,279264753590,6697939,3345,D,43300.0,41140.0
350,Commodity.Exch.,20201005,41000.0,39610.0,39680.0,204959196490,5165151,2513,D,41690.0,39710.0
351,Commodity.Exch.,20201006,41660.0,39700.0,41430.0,345356496730,8335445,1786,D,39680.0,41660.0
352,Commodity.Exch.,20201007,43500.0,41930.0,43330.0,352267067960,8130213,3194,D,41430.0,43500.0
353,Commodity.Exch.,20201010,45490.0,42000.0,44220.0,380317471260,8600870,4288,D,43330.0,45490.0
354,Commodity.Exch.,20201011,46430.0,44200.0,46140.0,219217528340,4750678,2148,D,44220.0,44210.0
355,Commodity.Exch.,20201012,48440.0,45300.0,48120.0,538451558710,11189261,4546,D,46140.0,48440.0
356,Commodity.Exch.,20201013,50520.0,48900.0,50320.0,335813954600,6673344,3308,D,48120.0,50520.0
357,Commodity.Exch.,20201014,52830.0,51020.0,52780.0,445195606320,8434707,3002,D,50320.0,52830.0
358,Commodity.Exch.,20201018,55410.0,50150.0,52810.0,915598006700,17336943,10515,D,52780.0,50890.0
359,Commodity.Exch.,20201019,50170.0,50170.0,50990.0,34608369740,689822,377,D,52810.0,50170.0
360,Commodity.Exch.,20201020,48450.0,48450.0,49420.0,29926886700,617686,307,D,50990.0,48450.0
361,Commodity.Exch.,20201021,51890.0,47500.0,50500.0,536209148260,10618097,5506,D,49420.0,50300.0
362,Commodity.Exch.,20201024,49500.0,47980.0,48170.0,57270918040,1188838,666,D,50500.0,47980.0
363,Commodity.Exch.,20201026,45770.0,45770.0,47210.0,18389974070,401791,209,D,48170.0,45770.0
364,Commodity.Exch.,20201027,44850.0,44850.0,46260.0,18035440800,402128,189,D,47210.0,44850.0
365,Commodity.Exch.,20201028,43950.0,43950.0,44650.0,30581157150,695817,401,D,46260.0,43950.0
366,Commodity.Exch.,20201031,46870.0,42420.0,43870.0,459069689590,10465315,5859,D,44650.0,43970.0
367,Commodity.Exch.,20201101,42950.0,41680.0,42010.0,55443057840,1319639,735,D,43870.0,41680.0
368,Commodity.Exch.,20201102,41500.0,39910.0,39960.0,149110043080,3731785,2026,D,42010.0,39910.0
369,Commodity.Exch.,20201104,40400.0,37970.0,38280.0,295276682350,7713160,3470,D,39960.0,38200.0
370,Commodity.Exch.,20201107,36370.0,36370.0,37730.0,13621292400,374520,183,D,38280.0,36370.0
371,Commodity.Exch.,20201108,35850.0,35850.0,37090.0,15927222900,444274,101,D,37730.0,35850.0
372,Commodity.Exch.,20201109,35240.0,35240.0,36460.0,15766587440,447406,128,D,37090.0,35240.0
373,Commodity.Exch.,20201110,34640.0,34640.0,35830.0,15766534560,455154,250,D,36460.0,34640.0
374,Commodity.Exch.,20201111,35060.0,34040.0,34200.0,333161504220,9742394,3022,D,35830.0,34040.0
375,Commodity.Exch.,20201114,35910.0,33750.0,35240.0,212118676360,6019572,2914,D,34200.0,35910.0
376,Commodity.Exch.,20201115,36600.0,33480.0,33920.0,285351750940,8413386,3474,D,35240.0,33480.0
377,Commodity.Exch.,20201116,33850.0,32230.0,32550.0,262394743630,8062024,3383,D,33920.0,32260.0
378,Commodity.Exch.,20201117,34170.0,31500.0,33920.0,244054431470,7195816,3091,D,32550.0,34170.0
379,Commodity.Exch.,20201118,35610.0,34370.0,35570.0,154032959030,4330512,1768,D,33920.0,35610.0
380,Commodity.Exch.,20201121,37340.0,34340.0,36670.0,234427567440,6393558,2464,D,35570.0,35100.0
381,Commodity.Exch.,20201122,37890.0,34840.0,35760.0,208446199510,5828225,2842,D,36670.0,35330.0
382,Commodity.Exch.,20201123,37540.0,35000.0,36650.0,253924271310,6928439,3106,D,35760.0,37540.0
383,Commodity.Exch.,20201124,38480.0,36650.0,38030.0,380201999190,9996957,4669,D,36650.0,37980.0
384,Commodity.Exch.,20201125,39170.0,36310.0,37850.0,197965414150,5230548,2880,D,38030.0,37700.0
385,Commodity.Exch.,20201128,38000.0,35960.0,36580.0,274001630910,7490206,4425,D,37850.0,36030.0
386,Commodity.Exch.,20201129,38400.0,36120.0,37700.0,247549711970,6566843,3444,D,36580.0,38400.0
387,Commodity.Exch.,20201130,39580.0,38610.0,39540.0,222032763200,5615647,2001,D,37700.0,39580.0
388,Commodity.Exch.,20201201,41510.0,38350.0,41220.0,398913792800,9678335,3618,D,39540.0,41510.0
389,Commodity.Exch.,20201202,43280.0,40000.0,42780.0,460317427360,10760138,6134,D,41220.0,42210.0
390,Commodity.Exch.,20201205,44910.0,41100.0,43900.0,183140006730,4172169,2554,D,42780.0,44910.0
391,Commodity.Exch.,20201206,46090.0,45500.0,46090.0,214182759520,4647534,2317,D,43900.0,46090.0
392,Commodity.Exch.,20201207,48390.0,44500.0,47650.0,622081091680,13056161,6938,D,46090.0,47380.0
393,Commodity.Exch.,20201208,50030.0,47900.0,49950.0,500730191920,10024031,4217,D,47650.0,50030.0
394,Commodity.Exch.,20201209,52440.0,50100.0,52280.0,497673925640,9519321,4610,D,49950.0,52440.0
395,Commodity.Exch.,20201212,54890.0,49670.0,52280.0,1110049093380,21230757,12122,D,52280.0,50000.0
396,Commodity.Exch.,20201213,50980.0,49670.0,49860.0,351649000420,7052589,4333,D,52280.0,49670.0
397,Commodity.Exch.,20201214,50300.0,47370.0,47730.0,339495376400,7112191,4134,D,49860.0,47370.0
398,Commodity.Exch.,20201215,45350.0,45350.0,45540.0,41813652350,922021,329,D,47730.0,45350.0
399,Commodity.Exch.,20201216,47810.0,43270.0,45570.0,965161478990,21182062,8947,D,45540.0,47810.0
400,Commodity.Exch.,20201219,47840.0,47840.0,47840.0,57980931840,1211976,566,D,45570.0,47840.0
401,Commodity.Exch.,20201220,50230.0,50230.0,50230.0,132896625260,2645762,948,D,47840.0,50230.0
402,Commodity.Exch.,20201221,52740.0,50560.0,52000.0,1076652166820,20705804,10041,D,50230.0,51280.0
403,Commodity.Exch.,20201222,54600.0,49600.0,53800.0,460594118990,8560680,4022,D,52000.0,54600.0
404,Commodity.Exch.,20201223,56490.0,54800.0,56360.0,1115141085030,19787372,11238,D,53800.0,56460.0
405,Commodity.Exch.,20201226,58500.0,53750.0,55610.0,982098495190,17661055,14237,D,56360.0,54310.0
406,Commodity.Exch.,20201227,54990.0,52830.0,53200.0,657282757490,12354440,7413,D,55610.0,52830.0
407,Commodity.Exch.,20201228,55860.0,52000.0,55400.0,658089689810,11878976,7591,D,53200.0,55860.0
408,Commodity.Exch.,20201229,57970.0,54600.0,56350.0,559567894630,9929599,8750,D,55400.0,56890.0
409,Commodity.Exch.,20201230,57990.0,53540.0,55150.0,438812468160,7956686,6541,D,56350.0,53540.0
410,Commodity.Exch.,20210102,54820.0,52400.0,52670.0,278423227250,5286467,2937,D,55150.0,52400.0
411,Commodity.Exch.,20210103,54000.0,50040.0,51100.0,540786339650,10581983,6880,D,52670.0,50200.0
412,Commodity.Exch.,20210104,52290.0,48890.0,50300.0,401471619960,7981644,6545,D,51100.0,49170.0
413,Commodity.Exch.,20210105,49170.0,47790.0,47900.0,252988975460,5281404,3258,D,50300.0,47790.0
414,Commodity.Exch.,20210106,47790.0,45510.0,45890.0,134796242310,2937350,1799,D,47900.0,45510.0
415,Commodity.Exch.,20210109,48180.0,43780.0,47780.0,481524415840,10078896,4549,D,45890.0,48180.0
416,Commodity.Exch.,20210110,50160.0,50160.0,50160.0,109692997920,2186862,1259,D,47780.0,50160.0
417,Commodity.Exch.,20210111,52660.0,47770.0,50330.0,510198820360,10137863,7045,D,50160.0,48570.0
418,Commodity.Exch.,20210112,49500.0,47820.0,47950.0,81643719440,1702781,1020,D,50330.0,47820.0
419,Commodity.Exch.,20210113,46990.0,45560.0,45670.0,302700352400,6628585,2954,D,47950.0,45560.0
420,Commodity.Exch.,20210116,45100.0,43390.0,43590.0,146702574970,3365315,1323,D,45670.0,43390.0
421,Commodity.Exch.,20210118,41420.0,41420.0,42400.0,24767089000,597950,173,D,43590.0,41420.0
422,Commodity.Exch.,20210119,42450.0,40280.0,40660.0,536258553550,13189923,5557,D,42400.0,40280.0
423,Commodity.Exch.,20210120,42000.0,38800.0,40210.0,370444097320,9211650,5223,D,40660.0,38800.0
424,Commodity.Exch.,20210123,42220.0,39200.0,41870.0,210685892300,5032255,2020,D,40210.0,42220.0
425,Commodity.Exch.,20210124,43960.0,39780.0,41640.0,518673248080,12455669,5399,D,41870.0,39780.0
426,Commodity.Exch.,20210125,40990.0,39560.0,39760.0,300615300130,7560293,3132,D,41640.0,39560.0
427,Commodity.Exch.,20210126,39490.0,37780.0,37850.0,107909803920,2850957,1402,D,39760.0,37780.0
428,Commodity.Exch.,20210127,36670.0,35960.0,36010.0,242565564820,6735627,2757,D,37850.0,35960.0
429,Commodity.Exch.,20210130,37810.0,35650.0,37600.0,195509253430,5199290,2163,D,36010.0,37810.0
430,Commodity.Exch.,20210131,39480.0,35720.0,37510.0,373193298860,9948232,4447,D,37600.0,36300.0
431,Commodity.Exch.,20210201,37000.0,35640.0,35830.0,160761640670,4487068,2335,D,37510.0,35640.0
432,Commodity.Exch.,20210202,35730.0,34040.0,34120.0,293097558650,8590951,3318,D,35830.0,34060.0
433,Commodity.Exch.,20210203,35400.0,32420.0,33430.0,247792148560,7412312,3763,D,34120.0,32420.0
434,Commodity.Exch.,20210206,33600.0,31760.0,31900.0,59700183760,1871545,774,D,33430.0,31760.0
435,Commodity.Exch.,20210207,33490.0,30750.0,33130.0,223040268970,6732443,2644,D,31900.0,33490.0
436,Commodity.Exch.,20210208,34470.0,31480.0,32250.0,267771317500,8303830,3432,D,33130.0,31850.0
437,Commodity.Exch.,20210209,33860.0,31000.0,32900.0,253277062850,7697297,3456,D,32250.0,33860.0
438,Commodity.Exch.,20210213,34870.0,34870.0,34680.0,47870930800,1372840,573,D,32900.0,34870.0
439,Commodity.Exch.,20210214,36760.0,35380.0,36590.0,603925981200,16505207,5154,D,34680.0,36760.0
440,Commodity.Exch.,20210215,38780.0,35920.0,38040.0,387400408620,10184960,5071,D,36590.0,38780.0
441,Commodity.Exch.,20210216,40000.0,37280.0,37780.0,337688062490,8938524,4405,D,38040.0,37300.0
442,Commodity.Exch.,20210217,37750.0,37030.0,37070.0,80215632360,2164141,1037,D,37780.0,37030.0
443,Commodity.Exch.,20210220,36330.0,36330.0,36780.0,19517965530,537241,192,D,37070.0,36330.0
444,Commodity.Exch.,20210221,36050.0,36050.0,36560.0,14949610550,414691,89,D,36780.0,36050.0
445,Commodity.Exch.,20210222,35830.0,35830.0,36330.0,15142187960,422612,78,D,36560.0,35830.0
446,Commodity.Exch.,20210223,35610.0,35610.0,35980.0,23062923330,647653,181,D,36330.0,35610.0
447,Commodity.Exch.,20210224,35830.0,35270.0,35300.0,91102176010,2580918,943,D,35980.0,35270.0
448,Commodity.Exch.,20210227,34600.0,34600.0,35290.0,984024000,28440,46,D,35300.0,34600.0
449,Commodity.Exch.,20210228,34590.0,34590.0,35290.0,295398600,8540,20,D,35290.0,34590.0
450,Commodity.Exch.,20210301,34590.0,34590.0,35250.0,2753675310,79609,62,D,35290.0,34590.0
451,Commodity.Exch.,20210302,34550.0,34550.0,35020.0,15801546150,457353,149,D,35250.0,34550.0
452,Commodity.Exch.,20210303,34320.0,34320.0,34990.0,1957132320,57026,51,D,35020.0,34320.0
453,Commodity.Exch.,20210306,34300.0,34300.0,34950.0,2686856200,78334,49,D,34990.0,34300.0
454,Commodity.Exch.,20210307,34260.0,34260.0,34910.0,2951156400,86140,73,D,34950.0,34260.0
455,Commodity.Exch.,20210308,34220.0,34220.0,34840.0,4768899200,139360,128,D,34910.0,34220.0
456,Commodity.Exch.,20210309,34150.0,34150.0,34740.0,7215655950,211293,125,D,34840.0,34150.0
457,Commodity.Exch.,20210310,34050.0,34050.0,34670.0,4956624450,145569,67,D,34740.0,34050.0
458,Commodity.Exch.,20210313,33980.0,33980.0,34560.0,7833477360,230532,182,D,34670.0,33980.0
459,Commodity.Exch.,20210314,33870.0,33870.0,34050.0,35786635560,1056588,275,D,34560.0,33870.0
460,Commodity.Exch.,20210315,33370.0,33370.0,33870.0,12916025350,387055,214,D,34050.0,33370.0
461,Commodity.Exch.,20210316,34980.0,33200.0,33730.0,337925024970,10019547,4782,D,33870.0,33680.0
462,Commodity.Exch.,20210317,35200.0,33060.0,33340.0,135853356440,4075056,2368,D,33730.0,33060.0
463,Commodity.Exch.,20210327,34890.0,32680.0,33430.0,162614861720,4864196,2625,D,33340.0,34530.0
464,Commodity.Exch.,20210328,34990.0,33000.0,34010.0,100484487430,2954739,1931,D,33430.0,34100.0
465,Commodity.Exch.,20210330,34980.0,33700.0,34060.0,71695855200,2104978,1500,D,34010.0,33810.0
466,Commodity.Exch.,20210331,33500.0,33380.0,33610.0,33363330360,999212,491,D,34060.0,33380.0
467,Commodity.Exch.,20210403,32940.0,32940.0,33480.0,9691442100,294215,130,D,33610.0,32940.0
468,Commodity.Exch.,20210404,32820.0,32820.0,33410.0,4983323160,151838,48,D,33480.0,32820.0
469,Commodity.Exch.,20210405,32750.0,32750.0,33380.0,2138345750,65293,66,D,33410.0,32750.0
470,Commodity.Exch.,20210406,32720.0,32720.0,33230.0,10727153840,327847,109,D,33380.0,32720.0
471,Commodity.Exch.,20210407,32570.0,32570.0,33220.0,786109520,24136,26,D,33230.0,32570.0
472,Commodity.Exch.,20210410,32560.0,32560.0,33210.0,844671520,25942,22,D,33220.0,32560.0
473,Commodity.Exch.,20210411,32550.0,32550.0,33200.0,402318000,12360,21,D,33210.0,32550.0
474,Commodity.Exch.,20210412,32540.0,32540.0,33180.0,1659247140,50991,28,D,33200.0,32540.0
475,Commodity.Exch.,20210413,33880.0,32520.0,32670.0,157968988870,4835579,2163,D,33180.0,32520.0
476,Commodity.Exch.,20210414,32020.0,32020.0,32620.0,3762350000,117500,80,D,32670.0,32020.0
477,Commodity.Exch.,20210417,31970.0,31970.0,32620.0,294028090,9197,20,D,32620.0,31970.0
478,Commodity.Exch.,20210418,31970.0,31970.0,32570.0,3710182440,116052,35,D,32620.0,31970.0
479,Commodity.Exch.,20210419,31920.0,31920.0,32560.0,1001649600,31380,24,D,32570.0,31920.0
480,Commodity.Exch.,20210420,31910.0,31910.0,32550.0,690021840,21624,40,D,32560.0,31910.0
481,Commodity.Exch.,20210421,31580.0,31580.0,32540.0,390897240,12378,15,D,32550.0,31580.0
482,Commodity.Exch.,20210424,31570.0,31570.0,32530.0,625338560,19808,23,D,32540.0,31570.0
483,Commodity.Exch.,20210425,31560.0,31560.0,32510.0,762710520,24167,16,D,32530.0,31560.0
484,Commodity.Exch.,20210426,31540.0,31540.0,32500.0,323442700,10255,14,D,32510.0,31540.0
485,Commodity.Exch.,20210427,31530.0,31530.0,32470.0,1320476400,41880,48,D,32500.0,31530.0
486,Commodity.Exch.,20210428,31500.0,31500.0,32440.0,1282333500,40709,40,D,32470.0,31500.0
487,Commodity.Exch.,20210501,30500.0,30500.0,32070.0,8850551000,290182,164,D,32440.0,30500.0
488,Commodity.Exch.,20210502,31110.0,31110.0,32050.0,849116340,27294,34,D,32070.0,31110.0
489,Commodity.Exch.,20210503,31090.0,31090.0,31900.0,7448169120,239568,37,D,32050.0,31090.0
490,Commodity.Exch.,20210505,30950.0,30950.0,31890.0,404640300,13074,32,D,31900.0,30950.0
491,Commodity.Exch.,20210508,30940.0,30940.0,31890.0,230410180,7447,27,D,31890.0,30940.0
492,Commodity.Exch.,20210509,30940.0,30940.0,31890.0,140622300,4545,10,D,31890.0,30940.0
493,Commodity.Exch.,20210510,30940.0,30940.0,31850.0,2085046600,67390,26,D,31890.0,30940.0
494,Commodity.Exch.,20210511,30900.0,30900.0,31790.0,3054186900,98841,83,D,31850.0,30900.0
495,Commodity.Exch.,20210512,30840.0,30840.0,31520.0,13943843400,452135,111,D,31790.0,30840.0
496,Commodity.Exch.,20210515,29950.0,29950.0,31360.0,3081256000,102880,65,D,31520.0,29950.0
497,Commodity.Exch.,20210516,29800.0,29800.0,31280.0,1502694800,50426,50,D,31360.0,29800.0
498,Commodity.Exch.,20210517,29720.0,29720.0,31190.0,1658138240,55792,49,D,31280.0,29720.0
499,Commodity.Exch.,20210518,29640.0,29640.0,31120.0,1317053400,44435,31,D,31190.0,29640.0
500,Commodity.Exch.,20210519,29570.0,29570.0,31110.0,233780420,7906,20,D,31120.0,29570.0
501,Commodity.Exch.,20210522,29560.0,29560.0,31090.0,397907160,13461,16,D,31110.0,29560.0
502,Commodity.Exch.,20210523,29540.0,29540.0,31050.0,825820240,27956,16,D,31090.0,29540.0
503,Commodity.Exch.,20210524,29500.0,29500.0,31030.0,472265500,16009,15,D,31050.0,29500.0
504,Commodity.Exch.,20210525,29480.0,29480.0,30980.0,1040260760,35287,24,D,31030.0,29480.0
505,Commodity.Exch.,20210526,29440.0,29440.0,30930.0,949763840,32261,35,D,30980.0,29440.0
506,Commodity.Exch.,20210529,29390.0,29390.0,30590.0,6455572280,219652,162,D,30930.0,29390.0
507,Commodity.Exch.,20210530,29070.0,29070.0,30310.0,5428996920,186756,136,D,30590.0,29070.0
508,Commodity.Exch.,20210531,28800.0,28800.0,30250.0,1129939200,39234,28,D,30310.0,28800.0
509,Commodity.Exch.,20210601,28740.0,28740.0,30140.0,2046747840,71216,58,D,30250.0,28740.0
510,Commodity.Exch.,20210602,28640.0,28640.0,29990.0,2875226880,100392,95,D,30140.0,28640.0
511,Commodity.Exch.,20210607,28500.0,28500.0,29870.0,2327338500,81661,89,D,29990.0,28500.0
512,Commodity.Exch.,20210608,28380.0,28380.0,29820.0,984246780,34681,52,D,29870.0,28380.0
513,Commodity.Exch.,20210609,28330.0,28330.0,29700.0,2338074900,82530,46,D,29820.0,28330.0
514,Commodity.Exch.,20210612,28220.0,28220.0,29680.0,462497580,16389,27,D,29700.0,28220.0
515,Commodity.Exch.,20210613,28200.0,28200.0,29570.0,2164970400,76772,43,D,29680.0,28200.0
516,Commodity.Exch.,20210614,28100.0,28100.0,29490.0,1530269800,54458,36,D,29570.0,28100.0
517,Commodity.Exch.,20210615,28020.0,28020.0,29270.0,4139366580,147729,35,D,29490.0,28020.0
518,Commodity.Exch.,20210616,27810.0,27810.0,29100.0,3225348180,115978,29,D,29270.0,27810.0
519,Commodity.Exch.,20210619,28780.0,27650.0,27820.0,422664720430,15194268,5549,D,29100.0,27990.0
520,Commodity.Exch.,20210620,29180.0,26430.0,28140.0,265346761900,9428620,4957,D,27820.0,29130.0
521,Commodity.Exch.,20210621,29540.0,28650.0,29420.0,56116014920,1907410,787,D,28140.0,29540.0
522,Commodity.Exch.,20210622,30890.0,30890.0,30490.0,22423051000,725900,337,D,29420.0,30890.0
523,Commodity.Exch.,20210623,32010.0,32010.0,31340.0,17810011890,556389,379,D,30490.0,32010.0
524,Commodity.Exch.,20210626,32900.0,32900.0,32900.0,37012401300,1124997,361,D,31340.0,32900.0
525,Commodity.Exch.,20210627,34540.0,33000.0,33960.0,571260769150,16820910,6321,D,32900.0,33100.0
526,Commodity.Exch.,20210628,34900.0,32270.0,33170.0,335546993750,10114627,4375,D,33960.0,32700.0
527,Commodity.Exch.,20210629,33800.0,31700.0,32780.0,167731301550,5117209,2409,D,33170.0,32210.0
528,Commodity.Exch.,20210630,33090.0,31150.0,31550.0,196913731600,6241435,3426,D,32780.0,31630.0
529,Commodity.Exch.,20210712,18650.0,17710.0,18080.0,332016255350,18363638,5899,D,15700.0,17760.0
530,Commodity.Exch.,20210713,18980.0,17330.0,18610.0,126899907730,6819864,1642,D,18080.0,18980.0
531,Commodity.Exch.,20210714,19540.0,19540.0,19540.0,22959285060,1174989,338,D,18610.0,19540.0
532,Commodity.Exch.,20210717,20510.0,20510.0,20250.0,30032239230,1464273,363,D,19540.0,20510.0
533,Commodity.Exch.,20210718,21260.0,20550.0,21190.0,544955548970,25713794,4573,D,20250.0,21260.0
534,Commodity.Exch.,20210719,22240.0,20690.0,22020.0,223637034490,10154791,2244,D,21190.0,22240.0
535,Commodity.Exch.,20210726,23120.0,21570.0,22760.0,403307700900,17721926,6497,D,22020.0,22690.0
536,Commodity.Exch.,20210727,23850.0,21910.0,22820.0,276517584640,12118897,5220,D,22760.0,22020.0
537,Commodity.Exch.,20210728,23960.0,22110.0,23820.0,144608279480,6070830,1424,D,22820.0,23960.0
538,Commodity.Exch.,20210731,25010.0,25010.0,24740.0,38754695680,1549568,485,D,23820.0,25010.0
539,Commodity.Exch.,20210801,25970.0,25970.0,25400.0,27736037910,1068003,465,D,24740.0,25970.0
540,Commodity.Exch.,20210802,26670.0,26670.0,26670.0,59337709620,2224886,500,D,25400.0,26670.0
541,Commodity.Exch.,20210803,28000.0,28000.0,27420.0,31560368000,1127156,167,D,26670.0,28000.0
542,Commodity.Exch.,20210807,28790.0,28790.0,28120.0,29365339360,1019984,275,D,27420.0,28790.0
543,Commodity.Exch.,20210808,29520.0,29520.0,29520.0,65081356560,2204653,613,D,28120.0,29520.0
544,Commodity.Exch.,20210809,30990.0,30990.0,30430.0,38530300860,1243314,587,D,29520.0,30990.0
545,Commodity.Exch.,20210810,31950.0,31950.0,31950.0,71471351250,2236975,613,D,30430.0,31950.0
546,Commodity.Exch.,20210811,33540.0,33540.0,33540.0,88159487520,2628488,911,D,31950.0,33540.0
547,Commodity.Exch.,20210814,35210.0,35210.0,35210.0,84527801960,2400676,999,D,33540.0,35210.0
548,Commodity.Exch.,20210815,36970.0,36970.0,36300.0,45776623700,1238210,723,D,35210.0,36970.0
549,Commodity.Exch.,20210822,38110.0,38110.0,38080.0,74873459370,1964667,810,D,36300.0,38110.0
550,Commodity.Exch.,20210823,39980.0,39980.0,39220.0,48026494740,1201263,366,D,38080.0,39980.0
551,Commodity.Exch.,20210912,41180.0,41180.0,41180.0,343675390660,8345687,1608,D,39220.0,41180.0
552,Commodity.Exch.,20210913,43230.0,43230.0,43230.0,473923616430,10962841,3194,D,41180.0,43230.0
553,Commodity.Exch.,20210914,45390.0,45390.0,45390.0,342870204690,7553871,1847,D,43230.0,45390.0
554,Commodity.Exch.,20210922,46690.0,43130.0,43870.0,4393413196010,100152962,23753,D,45390.0,43130.0
555,Commodity.Exch.,20210925,43130.0,41680.0,41900.0,759272421930,18121610,5162,D,43870.0,41680.0
556,Commodity.Exch.,20210926,39810.0,39810.0,40700.0,45780902850,1149985,894,D,41900.0,39810.0
557,Commodity.Exch.,20210928,38670.0,38670.0,38990.0,65310575070,1688921,833,D,40700.0,38670.0
558,Commodity.Exch.,20210929,37050.0,37050.0,37720.0,48587592300,1311406,785,D,38990.0,37050.0
559,Commodity.Exch.,20211002,39600.0,36400.0,38370.0,2310359383820,60219617,16404,D,37720.0,39600.0
560,Commodity.Exch.,20211003,40050.0,36460.0,37630.0,2373527409330,63076213,26756,D,38370.0,36490.0
561,Commodity.Exch.,20211004,37300.0,35750.0,36010.0,204085229660,5667630,2768,D,37630.0,35750.0
562,Commodity.Exch.,20211006,37810.0,34210.0,36440.0,2206854678950,60565850,20611,D,36010.0,37810.0
563,Commodity.Exch.,20211009,37980.0,34630.0,36500.0,1057548426020,28976810,11722,D,36440.0,35720.0
564,Commodity.Exch.,20211010,36890.0,34900.0,35640.0,765169711200,21466764,7844,D,36500.0,35380.0
565,Commodity.Exch.,20211011,37420.0,35700.0,36460.0,732666426170,20097011,7520,D,35640.0,35900.0
566,Commodity.Exch.,20211012,35980.0,34640.0,34740.0,735438568000,21172436,4026,D,36460.0,34640.0
567,Commodity.Exch.,20211013,34520.0,33010.0,33220.0,775796876990,23355919,4601,D,34740.0,33010.0
568,Commodity.Exch.,20211016,34880.0,32900.0,34320.0,1274409411970,37129238,11270,D,33220.0,34050.0
569,Commodity.Exch.,20211017,33810.0,32610.0,32820.0,187753859500,5720920,1824,D,34320.0,32610.0
570,Commodity.Exch.,20211018,31180.0,31180.0,31440.0,52283590580,1676831,662,D,32820.0,31180.0
571,Commodity.Exch.,20211019,32460.0,29870.0,30440.0,1233757835030,40535222,13083,D,31440.0,29900.0
572,Commodity.Exch.,20211020,31960.0,29450.0,31150.0,987648124100,31703943,10255,D,30440.0,31960.0
573,Commodity.Exch.,20211023,32700.0,31600.0,32550.0,788714600470,24232277,6226,D,31150.0,32700.0
574,Commodity.Exch.,20211025,34170.0,32900.0,34010.0,242395950120,7127589,1868,D,32550.0,34170.0
575,Commodity.Exch.,20211026,35710.0,35710.0,35710.0,92967521130,2603403,761,D,34010.0,35710.0
576,Commodity.Exch.,20211027,37490.0,37490.0,37490.0,137495137350,3667515,1080,D,35710.0,37490.0
577,Commodity.Exch.,20211107,39360.0,35620.0,37320.0,3103685609700,83153946,22672,D,37490.0,35700.0
578,Commodity.Exch.,20211108,38120.0,35460.0,36140.0,1540416383350,42624947,12803,D,37320.0,35470.0
579,Commodity.Exch.,20211109,37940.0,35600.0,37480.0,1484999045650,39623863,13080,D,36140.0,37030.0
580,Commodity.Exch.,20211113,35610.0,35610.0,35610.0,113261379660,3180606,1019,D,37480.0,35610.0
581,Commodity.Exch.,20211114,36500.0,33830.0,34870.0,1057202026210,30316006,10370,D,35610.0,33900.0
582,Commodity.Exch.,20211115,34590.0,33130.0,33380.0,646114641170,19355754,5253,D,34870.0,33130.0
583,Commodity.Exch.,20211116,34600.0,31720.0,32460.0,1199337263260,36950835,11001,D,33380.0,32300.0
584,Commodity.Exch.,20211117,33990.0,32470.0,33040.0,553583281550,16757408,6728,D,32460.0,32820.0
585,Commodity.Exch.,20211120,33030.0,31390.0,31610.0,236415242110,7478880,2724,D,33040.0,31390.0
586,Commodity.Exch.,20211121,31890.0,30030.0,30420.0,660520721020,21713574,8190,D,31610.0,30350.0
587,Commodity.Exch.,20211122,31650.0,29650.0,30550.0,406141912050,13295316,6520,D,30420.0,29800.0
588,Commodity.Exch.,20211123,30430.0,29030.0,29310.0,449450633080,15336203,6759,D,30550.0,29030.0
589,Commodity.Exch.,20211124,30500.0,27850.0,28770.0,998097896860,34690708,10416,D,29310.0,29800.0
590,Commodity.Exch.,20211127,30150.0,28500.0,29660.0,539078916790,18173615,7443,D,28770.0,29660.0
591,Commodity.Exch.,20211128,30330.0,28180.0,29030.0,389591414760,13418596,6022,D,29660.0,28200.0
592,Commodity.Exch.,20211129,28580.0,27580.0,27740.0,248951710790,8975952,3619,D,29030.0,27580.0
593,Commodity.Exch.,20211130,27250.0,26360.0,26440.0,350358473770,13253540,4006,D,27740.0,26360.0
594,Commodity.Exch.,20211201,25820.0,25120.0,25150.0,165823268540,6592176,2194,D,26440.0,25120.0
595,Commodity.Exch.,20211204,26000.0,23900.0,24300.0,336555884150,13847757,3048,D,25150.0,24000.0
596,Commodity.Exch.,20211205,25510.0,23700.0,25080.0,238903610240,9525046,2287,D,24300.0,25510.0
597,Commodity.Exch.,20211206,26330.0,25720.0,26240.0,821662647990,31312427,6745,D,25080.0,26000.0
598,Commodity.Exch.,20211207,27550.0,24930.0,26890.0,1008832364360,37511667,8136,D,26240.0,27550.0
599,Commodity.Exch.,20211208,28230.0,27550.0,28200.0,215891872060,7657062,1800,D,26890.0,28230.0
600,Commodity.Exch.,20211211,29610.0,28010.0,29330.0,799322284240,27250831,7549,D,28200.0,28800.0
601,Commodity.Exch.,20211212,28590.0,27870.0,27870.0,79293482360,2845042,295,D,29330.0,27870.0
602,Commodity.Exch.,20211213,29260.0,26520.0,28220.0,941731325080,33373488,8707,D,27870.0,27410.0
603,Commodity.Exch.,20211214,29630.0,27300.0,29340.0,560727899350,19110993,3969,D,28220.0,29630.0
604,Commodity.Exch.,20211215,30800.0,29950.0,30620.0,730469854280,23857345,7252,D,29340.0,30800.0
605,Commodity.Exch.,20211218,32150.0,31160.0,32090.0,183656850970,5723805,1342,D,30620.0,32150.0
606,Commodity.Exch.,20211219,33690.0,30590.0,32320.0,1370342066360,42399132,14479,D,32090.0,31370.0
607,Commodity.Exch.,20211220,32610.0,30710.0,30970.0,994778730930,32122995,8691,D,32320.0,30710.0
608,Commodity.Exch.,20211221,32270.0,29600.0,31140.0,677207238390,21750105,7882,D,30970.0,31170.0
609,Commodity.Exch.,20211222,32690.0,31250.0,32590.0,633248351160,19432590,5453,D,31140.0,32690.0
610,Commodity.Exch.,20211225,33490.0,30970.0,31550.0,945764628580,29980926,10623,D,32590.0,30970.0
611,Commodity.Exch.,20211226,31290.0,29980.0,30200.0,464661296380,15385566,6276,D,31550.0,30000.0
612,Commodity.Exch.,20211227,31000.0,29000.0,29840.0,428957508530,14375168,6602,D,30200.0,29390.0
613,Commodity.Exch.,20211228,31330.0,28720.0,30670.0,612603153020,19975658,5905,D,29840.0,31330.0
614,Commodity.Exch.,20211229,31700.0,29980.0,30710.0,408267396700,13293169,5860,D,30670.0,30100.0
615,Commodity.Exch.,20220101,31800.0,29550.0,31070.0,423690679830,13635922,5853,D,30710.0,30930.0
616,Commodity.Exch.,20220102,31800.0,30490.0,31090.0,261567522310,8412501,4027,D,31070.0,30960.0
617,Commodity.Exch.,20220103,31500.0,29790.0,30290.0,269779792480,8907635,4186,D,31090.0,29870.0
618,Commodity.Exch.,20220104,29950.0,28780.0,28920.0,387610869230,13404135,4609,D,30290.0,28780.0
619,Commodity.Exch.,20220105,29440.0,27480.0,28110.0,337894167980,12021115,4744,D,28920.0,27790.0
620,Commodity.Exch.,20220108,28310.0,26710.0,27170.0,217470634590,8003891,3513,D,28110.0,26710.0
621,Commodity.Exch.,20220109,26940.0,25820.0,25890.0,361296174440,13955306,4349,D,27170.0,25820.0
622,Commodity.Exch.,20220110,27180.0,24630.0,26580.0,539011444420,20278413,5715,D,25890.0,27180.0
623,Commodity.Exch.,20220111,27900.0,26310.0,27310.0,385087626090,14098058,5299,D,26580.0,26900.0
624,Commodity.Exch.,20220112,27800.0,26050.0,26760.0,224631073830,8394312,3914,D,27310.0,26250.0
625,Commodity.Exch.,20220115,27100.0,25430.0,25690.0,272009143260,10586683,3873,D,26760.0,25430.0
626,Commodity.Exch.,20220116,25450.0,24410.0,24490.0,452489075270,18478013,4325,D,25690.0,24650.0
627,Commodity.Exch.,20220117,25710.0,24670.0,25490.0,546452621380,21438648,5636,D,24490.0,25110.0
628,Commodity.Exch.,20220118,25300.0,24220.0,24330.0,217485516510,8939412,1944,D,25490.0,24220.0
629,Commodity.Exch.,20220119,25340.0,23300.0,24330.0,377869486390,15530374,4575,D,24330.0,24700.0
630,Commodity.Exch.,20220122,25540.0,24020.0,24980.0,387400106290,15510411,4702,D,24330.0,24290.0
631,Commodity.Exch.,20220123,24330.0,23740.0,23800.0,358355053660,15055348,3325,D,24980.0,23800.0
632,Commodity.Exch.,20220124,24670.0,22900.0,23830.0,320029822800,13430449,4434,D,23800.0,23330.0
633,Commodity.Exch.,20220125,24000.0,22640.0,22760.0,345588889790,15185862,2528,D,23830.0,22800.0
634,Commodity.Exch.,20220126,23820.0,22100.0,22940.0,372924056360,16255714,4508,D,22760.0,23250.0
635,Commodity.Exch.,20220129,24080.0,23250.0,23990.0,177578274820,7402612,1355,D,22940.0,24080.0
636,Commodity.Exch.,20220130,25180.0,24060.0,24670.0,345151514570,13988693,4626,D,23990.0,24300.0
637,Commodity.Exch.,20220131,25900.0,23850.0,25380.0,413063835770,16275165,5131,D,24670.0,25470.0
638,Commodity.Exch.,20220201,26250.0,24200.0,25160.0,389502148550,15479756,5375,D,25380.0,24480.0
639,Commodity.Exch.,20220202,24990.0,23910.0,24240.0,364265133310,15028958,5017,D,25160.0,24140.0
640,Commodity.Exch.,20220205,24700.0,23030.0,23370.0,340973183820,14591254,4969,D,24240.0,23030.0
641,Commodity.Exch.,20220206,22900.0,22210.0,22270.0,169311969320,7603217,2036,D,23370.0,22210.0
642,Commodity.Exch.,20220207,22070.0,21160.0,21250.0,305363837650,14369684,3885,D,22270.0,21160.0
643,Commodity.Exch.,20220208,21900.0,20190.0,20590.0,554338452300,26927296,6688,D,21250.0,20370.0
644,Commodity.Exch.,20220209,21610.0,19910.0,21070.0,557452038440,26453234,5560,D,20590.0,21610.0
645,Commodity.Exch.,20220212,21980.0,20210.0,21000.0,349380433240,16640929,4732,D,21070.0,20370.0
646,Commodity.Exch.,20220213,20660.0,19950.0,20080.0,253248217690,12611376,3618,D,21000.0,19950.0
647,Commodity.Exch.,20220214,20380.0,19440.0,19920.0,244715111880,12283129,4540,D,20080.0,20120.0
648,Commodity.Exch.,20220216,20290.0,18930.0,19220.0,226964362100,11805811,4258,D,19920.0,19110.0
649,Commodity.Exch.,20220219,19480.0,18300.0,18850.0,251459873670,13343530,3905,D,19220.0,18630.0
650,Commodity.Exch.,20220220,19440.0,18510.0,18950.0,214412436560,11316699,3576,D,18850.0,19230.0
651,Commodity.Exch.,20220221,19890.0,19890.0,19890.0,69032024100,3470690,452,D,18950.0,19890.0
652,Commodity.Exch.,20220222,20700.0,19640.0,20190.0,325867982340,16140227,4201,D,19890.0,19850.0
653,Commodity.Exch.,20220223,20590.0,19810.0,20050.0,171513733510,8555879,2697,D,20190.0,19890.0
654,Commodity.Exch.,20220226,19800.0,19050.0,19180.0,140865725670,7343031,2457,D,20050.0,19050.0
655,Commodity.Exch.,20220227,19840.0,18580.0,19280.0,255530879840,13255155,3805,D,19180.0,19550.0
656,Commodity.Exch.,20220228,19740.0,19020.0,19290.0,108049097020,5602046,2232,D,19280.0,19130.0
657,Commodity.Exch.,20220302,20200.0,18920.0,19730.0,323738296380,16406226,4173,D,19290.0,19960.0
658,Commodity.Exch.,20220305,20500.0,19810.0,20080.0,182353238790,9082816,2644,D,19730.0,19890.0
659,Commodity.Exch.,20220306,20750.0,19520.0,20180.0,252651038010,12522972,3856,D,20080.0,20380.0
660,Commodity.Exch.,20220307,20550.0,19700.0,20120.0,195126436620,9698860,3006,D,20180.0,19700.0
661,Commodity.Exch.,20220308,19940.0,19190.0,19550.0,135718406890,6943704,2081,D,20120.0,19300.0
662,Commodity.Exch.,20220309,19980.0,19110.0,19570.0,158424171140,8096653,2327,D,19550.0,19520.0
663,Commodity.Exch.,20220312,19500.0,18600.0,18700.0,184699956650,9879082,2955,D,19570.0,18600.0
664,Commodity.Exch.,20220313,18890.0,18250.0,18570.0,105116641550,5660119,1909,D,18700.0,18500.0
665,Commodity.Exch.,20220314,18870.0,18160.0,18380.0,100066800020,5444129,1848,D,18570.0,18190.0
666,Commodity.Exch.,20220315,19000.0,18180.0,18660.0,181193014700,9712517,2657,D,18380.0,18660.0
667,Commodity.Exch.,20220316,19590.0,19010.0,19550.0,151965240460,7771244,1204,D,18660.0,19590.0
668,Commodity.Exch.,20220319,20520.0,20140.0,20490.0,318690207560,15556068,2840,D,19550.0,20520.0
669,Commodity.Exch.,20220326,21340.0,19920.0,20510.0,236445758210,11527361,3784,D,20490.0,20280.0
670,Commodity.Exch.,20220327,21310.0,20000.0,20810.0,166914498790,8021831,2904,D,20510.0,20810.0
671,Commodity.Exch.,20220328,21850.0,20790.0,21630.0,293994447820,13591029,2919,D,20810.0,21850.0
672,Commodity.Exch.,20220329,22670.0,21430.0,22180.0,361054922030,16279567,4587,D,21630.0,21930.0
673,Commodity.Exch.,20220330,23280.0,21600.0,23030.0,195815548060,8502849,1633,D,22180.0,23280.0
674,Commodity.Exch.,20220403,24180.0,24180.0,24090.0,44574306660,1843437,392,D,23030.0,24180.0
675,Commodity.Exch.,20220404,25290.0,24820.0,25240.0,1764375874870,69905169,10384,D,24090.0,25170.0
676,Commodity.Exch.,20220405,26500.0,24800.0,26000.0,667102426970,25657895,4778,D,25240.0,26500.0
677,Commodity.Exch.,20220406,27300.0,24900.0,26350.0,1197652392750,45459118,9526,D,26000.0,25450.0
678,Commodity.Exch.,20220409,27650.0,25040.0,26400.0,866370200080,32822508,9283,D,26350.0,27000.0
679,Commodity.Exch.,20220410,27720.0,27000.0,27630.0,579594833970,20976534,5176,D,26400.0,27720.0
680,Commodity.Exch.,20220411,28280.0,26740.0,27330.0,537974959570,19687242,6371,D,27630.0,26890.0
681,Commodity.Exch.,20220412,27140.0,25970.0,26040.0,388335164720,14912651,3452,D,27330.0,25970.0
682,Commodity.Exch.,20220413,26500.0,24860.0,25680.0,466604383650,18170877,5320,D,26040.0,25940.0
683,Commodity.Exch.,20220416,26940.0,25680.0,26410.0,307050582380,11627181,3805,D,25680.0,26310.0
684,Commodity.Exch.,20220417,27730.0,25700.0,27330.0,754822388730,27615948,6158,D,26410.0,27730.0
685,Commodity.Exch.,20220418,28800.0,26700.0,27720.0,524716912720,18930941,6287,D,27330.0,26900.0
686,Commodity.Exch.,20220419,28230.0,26630.0,27330.0,451880559140,16534633,5169,D,27720.0,26940.0
687,Commodity.Exch.,20220420,27490.0,26000.0,26540.0,352436771380,13277836,4851,D,27330.0,26420.0
688,Commodity.Exch.,20220424,27270.0,26020.0,26540.0,220441897120,8307387,3383,D,26540.0,26250.0
689,Commodity.Exch.,20220425,27490.0,26010.0,26770.0,353944451240,13221112,4407,D,26540.0,26500.0
690,Commodity.Exch.,20220426,27350.0,26110.0,26480.0,398709189890,15057690,5070,D,26770.0,26160.0
691,Commodity.Exch.,20220427,27000.0,25700.0,26230.0,343275946900,13089133,5050,D,26480.0,25800.0
692,Commodity.Exch.,20220430,26700.0,25600.0,26000.0,364239856410,14011408,5110,D,26230.0,25660.0
693,Commodity.Exch.,20220501,26340.0,25100.0,25580.0,318389643700,12445583,4710,D,26000.0,25330.0
694,Commodity.Exch.,20220502,27110.0,25140.0,26870.0,797783868840,29685482,7550,D,25580.0,27110.0
695,Commodity.Exch.,20220507,28480.0,27900.0,28400.0,743790773180,26189483,5923,D,26870.0,28480.0
696,Commodity.Exch.,20220508,29640.0,27560.0,28440.0,690582262580,24278692,9140,D,28400.0,27980.0
697,Commodity.Exch.,20220509,28190.0,26740.0,27060.0,586400500800,21670989,6447,D,28440.0,26870.0
698,Commodity.Exch.,20220510,28140.0,26500.0,27440.0,291356542830,10618309,3790,D,27060.0,27470.0
699,Commodity.Exch.,20220511,28150.0,27310.0,27720.0,325322381640,11737875,3871,D,27440.0,27380.0
700,Commodity.Exch.,20220514,28200.0,26410.0,27020.0,411010208780,15208855,6085,D,27720.0,26790.0
701,Commodity.Exch.,20220515,28550.0,26000.0,27460.0,641974782620,23382609,7153,D,27020.0,27930.0
702,Commodity.Exch.,20220516,29100.0,28020.0,29020.0,847544711110,29209062,7659,D,27460.0,29100.0
703,Commodity.Exch.,20220517,29620.0,27720.0,28520.0,454234450160,15924482,5911,D,29020.0,27980.0
704,Commodity.Exch.,20220518,28800.0,27450.0,28000.0,262821999910,9386025,3674,D,28520.0,27800.0
705,Commodity.Exch.,20220521,28250.0,27190.0,27600.0,244162714330,8845030,3257,D,28000.0,27220.0
706,Commodity.Exch.,20220522,28190.0,27010.0,27450.0,262779839790,9571355,3627,D,27600.0,27180.0
707,Commodity.Exch.,20220523,27500.0,25810.0,26010.0,445493811200,17128073,5401,D,27450.0,25860.0
708,Commodity.Exch.,20220524,26870.0,25540.0,26120.0,252264063980,9657058,3540,D,26010.0,25920.0
709,Commodity.Exch.,20220525,26900.0,25890.0,26270.0,229358567970,8730354,3461,D,26120.0,26290.0
710,Commodity.Exch.,20220528,26610.0,24710.0,25240.0,347512253390,13766369,4653,D,26270.0,24790.0
711,Commodity.Exch.,20220529,26750.0,23810.0,25480.0,605007794100,23746473,5869,D,25240.0,26750.0
712,Commodity.Exch.,20220530,27000.0,26000.0,26740.0,829727322710,31031555,8024,D,25480.0,26390.0
713,Commodity.Exch.,20220531,27430.0,26010.0,26850.0,302052511600,11248973,4265,D,26740.0,26420.0
714,Commodity.Exch.,20220601,27100.0,26100.0,26530.0,227110053560,8560994,3254,D,26850.0,26470.0
715,Commodity.Exch.,20220606,26400.0,24940.0,25080.0,479085329890,19101800,5073,D,26530.0,24940.0
716,Commodity.Exch.,20220607,25600.0,24360.0,24940.0,211268395040,8472445,3523,D,25080.0,24690.0
717,Commodity.Exch.,20220608,25190.0,24500.0,24820.0,166656161920,6715674,2925,D,24940.0,24850.0
718,Commodity.Exch.,20220611,24800.0,23340.0,23820.0,247443446470,10386554,4155,D,24820.0,23650.0
719,Commodity.Exch.,20220612,24310.0,22750.0,23690.0,239474597050,10107799,3641,D,23820.0,23920.0
720,Commodity.Exch.,20220613,24750.0,24000.0,24360.0,173192620350,7108513,2718,D,23690.0,24300.0
721,Commodity.Exch.,20220614,25400.0,24220.0,24810.0,231553368060,9331308,3227,D,24360.0,24520.0
722,Commodity.Exch.,20220615,24590.0,23780.0,24070.0,122651651720,5095744,2280,D,24810.0,24100.0
723,Commodity.Exch.,20220618,24200.0,22630.0,23110.0,204527455360,8851836,3000,D,24070.0,22920.0
724,Commodity.Exch.,20220619,23480.0,22560.0,22890.0,142741393300,6235031,2264,D,23110.0,22720.0
725,Commodity.Exch.,20220620,23500.0,22720.0,23120.0,188662237380,8161244,2205,D,22890.0,23410.0
726,Commodity.Exch.,20220621,23600.0,22900.0,23250.0,79891948260,3436798,1592,D,23120.0,23130.0
727,Commodity.Exch.,20220622,24000.0,23000.0,23310.0,103497735310,4440001,2055,D,23250.0,23150.0
728,Commodity.Exch.,20220625,24700.0,22910.0,24170.0,235294559920,9733859,3241,D,23310.0,23810.0
729,Commodity.Exch.,20220626,24170.0,22760.0,23160.0,146084007350,6307055,2461,D,24170.0,22900.0
730,Commodity.Exch.,20220627,23220.0,22200.0,22780.0,150743017580,6617319,2127,D,23160.0,22820.0
731,Commodity.Exch.,20220628,23300.0,22500.0,22870.0,110136923470,4816413,1826,D,22780.0,22700.0
732,Commodity.Exch.,20220629,23520.0,22100.0,22770.0,153090512080,6722825,2430,D,22870.0,23100.0
733,Commodity.Exch.,20220702,23180.0,22250.0,22510.0,107608835740,4780298,2070,D,22770.0,22280.0
734,Commodity.Exch.,20220703,23050.0,22260.0,22580.0,125662036830,5565709,1826,D,22510.0,22550.0
735,Commodity.Exch.,20220704,23000.0,22360.0,22570.0,157840192150,6992215,2077,D,22580.0,22430.0
736,Commodity.Exch.,20220705,22770.0,22240.0,22380.0,97115922770,4339207,1654,D,22570.0,22300.0
737,Commodity.Exch.,20220706,22270.0,21360.0,21560.0,144691132970,6712052,2792,D,22380.0,21400.0
738,Commodity.Exch.,20220709,21560.0,20300.0,20700.0,162338207230,7843117,3268,D,21560.0,20530.0
739,Commodity.Exch.,20220711,21000.0,19700.0,20180.0,134422518310,6661277,2676,D,20700.0,19710.0
740,Commodity.Exch.,20220712,21390.0,19500.0,21140.0,276073066720,13058687,2754,D,20180.0,21390.0
741,Commodity.Exch.,20220713,22400.0,22190.0,22400.0,434080751340,19380384,3195,D,21140.0,22400.0
742,Commodity.Exch.,20220726,14040.0,12700.0,13650.0,418217480250,30633375,4592,D,13450.0,13920.0
743,Commodity.Exch.,20220727,14200.0,13420.0,13690.0,146916390340,10728324,2959,D,13650.0,13460.0
744,Commodity.Exch.,20220730,13490.0,12870.0,13020.0,301016814630,23111608,4028,D,13690.0,12870.0
745,Commodity.Exch.,20220731,12950.0,12240.0,12290.0,202484437700,16479138,2850,D,13020.0,12240.0
746,Commodity.Exch.,20220801,13020.0,12520.0,12860.0,227636239370,17706059,3261,D,12290.0,12600.0
747,Commodity.Exch.,20220802,12850.0,12120.0,12390.0,128615838370,10383041,2671,D,12860.0,12600.0
748,Commodity.Exch.,20220803,12900.0,12570.0,12720.0,93301118060,7333793,1720,D,12390.0,12720.0
749,Commodity.Exch.,20220806,13480.0,12820.0,13430.0,133724652640,9958911,1567,D,12720.0,13480.0
750,Commodity.Exch.,20220809,14230.0,13120.0,14030.0,195500842790,13936228,2173,D,13430.0,14230.0
751,Commodity.Exch.,20220810,14800.0,13620.0,14150.0,334821343510,23669885,5306,D,14030.0,14120.0
752,Commodity.Exch.,20220813,14850.0,14040.0,14620.0,196058915110,13406328,2932,D,14150.0,14650.0
753,Commodity.Exch.,20220814,14650.0,13820.0,14090.0,167119760680,11863876,3042,D,14620.0,13880.0
754,Commodity.Exch.,20220815,14740.0,13640.0,14290.0,154588407550,10814351,2532,D,14090.0,14280.0
755,Commodity.Exch.,20220816,14590.0,13860.0,14090.0,130314353520,9248064,2132,D,14290.0,13920.0
756,Commodity.Exch.,20220817,14650.0,14000.0,14250.0,121802249050,8546591,2053,D,14090.0,14230.0
757,Commodity.Exch.,20220820,14430.0,13820.0,14030.0,106502158800,7592441,1787,D,14250.0,13990.0
758,Commodity.Exch.,20220821,14870.0,13850.0,14780.0,363026479720,24568561,2917,D,14030.0,14870.0
759,Commodity.Exch.,20220822,15660.0,15300.0,15620.0,220649710570,14128963,1481,D,14780.0,15660.0
760,Commodity.Exch.,20220823,16550.0,16300.0,16540.0,622300449820,37618648,4456,D,15620.0,16550.0
761,Commodity.Exch.,20220824,16990.0,15650.0,16240.0,808511430410,49774630,10013,D,16540.0,16180.0
762,Commodity.Exch.,20220827,17210.0,16260.0,17080.0,769696352420,45064902,6207,D,16240.0,17210.0
763,Commodity.Exch.,20220828,17470.0,16500.0,17040.0,489255332510,28714062,6363,D,17080.0,17060.0
764,Commodity.Exch.,20220829,18230.0,16930.0,17960.0,737541900450,41055019,8450,D,17040.0,18210.0
765,Commodity.Exch.,20220830,18690.0,17650.0,18080.0,471533567790,26082216,6542,D,17960.0,17810.0
766,Commodity.Exch.,20220831,18250.0,17170.0,17720.0,456380686700,25756348,5482,D,18080.0,17640.0
767,Commodity.Exch.,20220903,17490.0,16480.0,16570.0,550761241100,33244663,6073,D,17720.0,16490.0
768,Commodity.Exch.,20220904,17100.0,16450.0,16780.0,209729948450,12499400,3253,D,16570.0,16510.0
769,Commodity.Exch.,20220905,16970.0,16210.0,16490.0,182995484740,11098726,3101,D,16780.0,16270.0
770,Commodity.Exch.,20220906,17110.0,16050.0,16610.0,235793966030,14194783,3683,D,16490.0,16620.0
771,Commodity.Exch.,20220907,16840.0,16050.0,16340.0,135778509240,8307226,2196,D,16610.0,16160.0
772,Commodity.Exch.,20220910,16240.0,15300.0,15530.0,213237825970,13727463,3264,D,16340.0,15320.0
773,Commodity.Exch.,20220911,15830.0,14970.0,15320.0,175525065970,11460245,2856,D,15530.0,15150.0
774,Commodity.Exch.,20220912,15630.0,14950.0,15240.0,126305833600,8287187,2098,D,15320.0,15290.0
775,Commodity.Exch.,20220913,16050.0,15050.0,15600.0,216455095800,13875562,2980,D,15240.0,15720.0
776,Commodity.Exch.,20220914,16370.0,15300.0,15950.0,295605465110,18538340,4072,D,15600.0,15840.0
777,Commodity.Exch.,20220918,16600.0,15670.0,16100.0,205651891560,12772070,2943,D,15950.0,15800.0
778,Commodity.Exch.,20220919,16080.0,15310.0,15600.0,152041172490,9745774,2455,D,16100.0,15380.0
779,Commodity.Exch.,20220920,15600.0,14860.0,15040.0,153979285670,10240253,2453,D,15600.0,14880.0
780,Commodity.Exch.,20220921,15000.0,14100.0,14470.0,188673721520,13039970,2677,D,15040.0,14460.0
781,Commodity.Exch.,20220924,14400.0,13460.0,13630.0,223891023790,16426077,3153,D,14470.0,13460.0
782,Commodity.Exch.,20220926,14580.0,13310.0,14450.0,212006670110,14673734,2173,D,13630.0,14580.0
783,Commodity.Exch.,20220928,15460.0,14910.0,15400.0,190317085480,12355368,1690,D,14450.0,15460.0
784,Commodity.Exch.,20221001,15500.0,14330.0,14790.0,397377660910,26861692,4695,D,15400.0,14440.0
785,Commodity.Exch.,20221002,15780.0,14510.0,15250.0,325589786220,21344098,4404,D,14790.0,15420.0
786,Commodity.Exch.,20221003,16090.0,15340.0,15660.0,242933313040,15517673,3261,D,15250.0,15500.0
787,Commodity.Exch.,20221004,16230.0,15540.0,16050.0,295507539810,18416417,3467,D,15660.0,16170.0
788,Commodity.Exch.,20221008,16980.0,16200.0,16590.0,276636393920,16675035,3485,D,16050.0,16360.0
789,Commodity.Exch.,20221009,16200.0,15440.0,15700.0,265246852980,16895385,2986,D,16590.0,15620.0
790,Commodity.Exch.,20221010,16140.0,15350.0,15710.0,143840885420,9156132,2206,D,15700.0,15850.0
791,Commodity.Exch.,20221011,16180.0,15660.0,15900.0,108851101640,6845651,1733,D,15710.0,15860.0
792,Commodity.Exch.,20221012,15990.0,15440.0,15690.0,93540116670,5960680,1413,D,15900.0,15770.0
793,Commodity.Exch.,20221015,16080.0,15300.0,15760.0,197889844650,12556010,2299,D,15690.0,15580.0
794,Commodity.Exch.,20221016,15730.0,14800.0,15070.0,180128849970,11951113,2685,D,15760.0,14900.0
795,Commodity.Exch.,20221017,15750.0,15000.0,15290.0,125912900700,8237442,2100,D,15070.0,15510.0
796,Commodity.Exch.,20221018,15540.0,14910.0,15200.0,320088545140,21060674,4451,D,15290.0,15090.0
797,Commodity.Exch.,20221019,15050.0,14570.0,14820.0,219559082650,14813928,3681,D,15200.0,14660.0
798,Commodity.Exch.,20221022,15460.0,14650.0,15010.0,233458090140,15554135,3769,D,14820.0,14900.0
799,Commodity.Exch.,20221023,15100.0,14560.0,14760.0,163121310880,11049744,2883,D,15010.0,14700.0
800,Commodity.Exch.,20221024,14760.0,13990.0,14210.0,187544611590,13196125,3285,D,14760.0,14110.0
801,Commodity.Exch.,20221025,14400.0,13810.0,14000.0,155691801380,11117739,3133,D,14210.0,13810.0
802,Commodity.Exch.,20221026,14000.0,13050.0,13270.0,303561864610,22878552,4120,D,14000.0,13230.0
803,Commodity.Exch.,20221029,14140.0,13200.0,13620.0,239251535130,17565847,3636,D,13270.0,13340.0
804,Commodity.Exch.,20221030,13890.0,13150.0,13500.0,206962313840,15327161,3065,D,13620.0,13850.0
805,Commodity.Exch.,20221031,14400.0,13720.0,14150.0,288417619630,20379297,3896,D,13500.0,14340.0
806,Commodity.Exch.,20221101,14640.0,14110.0,14390.0,228651085990,15894463,3218,D,14150.0,14110.0
807,Commodity.Exch.,20221102,14450.0,13830.0,14110.0,200945285980,14242919,2913,D,14390.0,14250.0
808,Commodity.Exch.,20221105,15090.0,14260.0,14940.0,488090872290,32679948,4552,D,14110.0,15090.0
809,Commodity.Exch.,20221106,15700.0,14810.0,15310.0,338920937420,22130428,3946,D,14940.0,15580.0
810,Commodity.Exch.,20221107,16380.0,15700.0,16290.0,590802239500,36272201,4294,D,15310.0,16380.0
811,Commodity.Exch.,20221108,17380.0,15880.0,16470.0,912356975680,55378493,9643,D,16290.0,16050.0
812,Commodity.Exch.,20221109,16890.0,15810.0,16470.0,521011653180,31632703,5440,D,16470.0,16460.0
813,Commodity.Exch.,20221112,16800.0,16140.0,16440.0,392487253680,23878246,4481,D,16470.0,16180.0
814,Commodity.Exch.,20221113,16340.0,15670.0,15960.0,313618230540,19652216,4560,D,16440.0,15740.0
815,Commodity.Exch.,20221114,15930.0,15100.0,15420.0,286828112160,18595656,3788,D,15960.0,15460.0
816,Commodity.Exch.,20221115,15910.0,15250.0,15510.0,203341225210,13106530,2945,D,15420.0,15450.0
817,Commodity.Exch.,20221116,16340.0,15400.0,16040.0,381967723430,23819616,4509,D,15510.0,16110.0
818,Commodity.Exch.,20221119,16450.0,15480.0,16110.0,519468639070,32237068,5960,D,16040.0,16290.0
819,Commodity.Exch.,20221120,17230.0,16490.0,17020.0,700166135370,41135797,6145,D,16110.0,16850.0
820,Commodity.Exch.,20221121,17200.0,16490.0,16810.0,433089964930,25768823,5774,D,17020.0,16490.0
821,Commodity.Exch.,20221122,17090.0,16310.0,16690.0,298578260100,17887963,3759,D,16810.0,16920.0
822,Commodity.Exch.,20221123,17040.0,16470.0,16720.0,235983550160,14115592,3269,D,16690.0,16500.0
823,Commodity.Exch.,20221126,17070.0,16400.0,16660.0,306634366540,18402092,3738,D,16720.0,16610.0
824,Commodity.Exch.,20221127,16840.0,16350.0,16670.0,270248575920,16211607,3042,D,16660.0,16830.0
825,Commodity.Exch.,20221128,17620.0,16870.0,17170.0,450479353410,26242973,5261,D,16670.0,17010.0
826,Commodity.Exch.,20221129,17390.0,16930.0,17130.0,305735424220,17845210,4487,D,17170.0,17230.0
827,Commodity.Exch.,20221130,17530.0,17010.0,17240.0,191504704120,11110213,3049,D,17130.0,17060.0
828,Commodity.Exch.,20221203,17190.0,16650.0,16830.0,227114650190,13493610,3474,D,17240.0,16710.0
829,Commodity.Exch.,20221204,17370.0,16830.0,17040.0,289527141910,16987451,3274,D,16830.0,17010.0
830,Commodity.Exch.,20221205,17120.0,16520.0,16670.0,241346136930,14476533,3256,D,17040.0,16530.0
831,Commodity.Exch.,20221206,17200.0,16490.0,16950.0,273559660910,16142439,3941,D,16670.0,16800.0
832,Commodity.Exch.,20221207,17360.0,16670.0,16880.0,407595854890,24141738,3790,D,16950.0,16860.0
833,Commodity.Exch.,20221210,16990.0,16170.0,16420.0,322401368720,19638457,3559,D,16880.0,16250.0
834,Commodity.Exch.,20221211,16920.0,16140.0,16590.0,265815677920,16018627,3261,D,16420.0,16760.0
835,Commodity.Exch.,20221212,17750.0,16710.0,17580.0,1097261798720,62408243,8522,D,16590.0,17750.0
836,Commodity.Exch.,20221213,18800.0,17960.0,18410.0,1031308132660,56031634,9113,D,17580.0,18290.0
837,Commodity.Exch.,20221214,18920.0,18050.0,18360.0,749494220430,40829709,9008,D,18410.0,18200.0
838,Commodity.Exch.,20221217,19160.0,17950.0,18610.0,786149431660,42243455,8086,D,18360.0,18730.0
839,Commodity.Exch.,20221218,19140.0,18390.0,18660.0,502874585010,26948908,6233,D,18610.0,18460.0
840,Commodity.Exch.,20221219,18880.0,17800.0,18270.0,528721972740,28945080,7915,D,18660.0,17940.0
841,Commodity.Exch.,20221220,18240.0,17400.0,17770.0,404777341520,22784338,5869,D,18270.0,17830.0
842,Commodity.Exch.,20221221,18540.0,17720.0,18090.0,351062116390,19411320,3954,D,17770.0,18000.0
843,Commodity.Exch.,20221224,18850.0,18160.0,18510.0,445809992440,24080428,4799,D,18090.0,18480.0
844,Commodity.Exch.,20221225,18840.0,18170.0,18430.0,500074742270,27133010,6885,D,18510.0,18200.0
845,Commodity.Exch.,20221226,18680.0,18100.0,18420.0,388379261940,21083213,4348,D,18430.0,18450.0
846,Commodity.Exch.,20221228,19390.0,18650.0,19070.0,714930088390,37495541,6819,D,18420.0,19210.0
847,Commodity.Exch.,20221231,18900.0,18000.0,18280.0,485976065670,26584552,5791,D,19070.0,18090.0
848,Commodity.Exch.,20230101,18650.0,17290.0,17790.0,532667012240,29941124,6804,D,18280.0,17820.0
849,Commodity.Exch.,20230102,18600.0,18000.0,18330.0,411482344270,22447318,4534,D,17790.0,18250.0
850,Commodity.Exch.,20230103,18770.0,18000.0,18430.0,682502792740,37034922,6537,D,18330.0,18240.0
851,Commodity.Exch.,20230104,19720.0,18140.0,19290.0,1147342337330,59486292,10435,D,18430.0,19270.0
852,Commodity.Exch.,20230107,20340.0,19400.0,19810.0,701701108340,35420693,6858,D,19290.0,19760.0
853,Commodity.Exch.,20230108,21190.0,19900.0,20920.0,1391958132070,66548408,10407,D,19810.0,21190.0
854,Commodity.Exch.,20230109,22340.0,20920.0,21760.0,1168030677290,53682843,10164,D,20920.0,21880.0
855,Commodity.Exch.,20230110,22700.0,21100.0,21770.0,1172599421510,53860587,11583,D,21760.0,21430.0
856,Commodity.Exch.,20230111,22150.0,20770.0,21440.0,873768500870,40749274,9872,D,21770.0,20930.0
857,Commodity.Exch.,20230114,21200.0,19940.0,20550.0,793061654790,38600899,8381,D,21440.0,20910.0
858,Commodity.Exch.,20230116,21980.0,21300.0,21970.0,764209147850,34791417,4637,D,20550.0,21980.0
859,Commodity.Exch.,20230117,22990.0,21630.0,22140.0,890548847690,40215856,9281,D,21970.0,21720.0
860,Commodity.Exch.,20230118,22030.0,21190.0,21490.0,781816713610,36375759,8440,D,22140.0,21450.0
861,Commodity.Exch.,20230121,21840.0,19990.0,20260.0,1627135393860,80331518,13888,D,21490.0,20030.0
862,Commodity.Exch.,20230122,20720.0,19400.0,20090.0,754448246390,37553427,7460,D,20260.0,20290.0
863,Commodity.Exch.,20230123,20720.0,19260.0,19930.0,755438614070,37899298,6836,D,20090.0,19930.0
864,Commodity.Exch.,20230124,20360.0,19650.0,19990.0,435855889880,21808827,4866,D,19930.0,20000.0
865,Commodity.Exch.,20230125,20330.0,18810.0,19330.0,719522128180,37217566,6328,D,19990.0,19380.0
